void_id,void_index,redshift,radius_hmpc_assumed,center_dist_hmpc,x_over_Rv,valid_shell_samples,center_delta_gstar,shell_delta_mean,shell_delta_median,shell_delta_p84,monopole_outflow_kms,raw_mean_outflow_kms,dipole_rms_kms,quadrupole_rms_kms,residual_rms_kms,outer_delta_2p5R,void_class,low_quadrupole_shear
701.0,0,0.03606,5.81,107.30822028586698,0.8,256,0.011239310705839337,-0.039191747674135094,-0.07844515460898685,0.2915066885534749,1.2641052838904865,1.2715806672814027,18.198886349534934,50.01293990602692,10.665006005946442,0.034115150365506164,void_in_cloud_or_compensated,False
701.0,0,0.03606,5.81,107.30822028586698,1.0,256,0.011239310705839337,-0.06170093410794576,-0.10586021887423608,0.2738047489717178,2.8965734436046806,2.904862017024727,25.743230274427678,61.50177139220238,16.28303544896332,0.034115150365506164,void_in_cloud_or_compensated,False
701.0,0,0.03606,5.81,107.30822028586698,1.25,256,0.011239310705839337,-0.08586512749019766,-0.1319538948105159,0.2337963785100039,5.677374258497782,5.686641451427817,34.58166696156971,75.26234429333797,24.672380375613642,0.034115150365506164,void_in_cloud_or_compensated,False
701.0,0,0.03606,5.81,107.30822028586698,1.5507603954646239,256,0.011239310705839337,-0.09891373817134866,-0.1745301694648255,0.23776939780214898,9.536902232562195,9.54743340875665,43.54772453957658,91.04873880033092,36.404303005883115,0.034115150365506164,void_in_cloud_or_compensated,False
701.0,0,0.03606,5.81,107.30822028586698,2.0,256,0.011239310705839337,-0.06510281301965677,-0.17085022468240435,0.3316093517736791,13.394556353891046,13.40652164792562,55.26411982797343,112.43155221955692,55.683008618523466,0.034115150365506164,void_in_cloud_or_compensated,False
701.0,0,0.03606,5.81,107.30822028586698,2.5,256,0.011239310705839337,0.034115150365506164,-0.11671736603515478,0.5430878401572746,10.215773585068094,10.22640040544715,74.01493667483172,129.9089962588094,76.4944542958916,0.034115150365506164,void_in_cloud_or_compensated,False
19380.0,1,0.04614,5.17,137.0163282115194,0.8,256,-0.00018230471153343232,0.015622995825820718,-0.1384201081164311,0.6175377523434642,-0.8459148027133092,-0.8329029559543333,26.143279917000086,39.167337857848565,11.275213494009245,-0.17398912003086425,void_in_void,False
19380.0,1,0.04614,5.17,137.0163282115194,1.0,256,-0.00018230471153343232,0.006994810218855452,-0.19176758784465647,0.730785700872602,-0.9401805282960921,-0.9257265007369995,39.81713676768277,44.5116784821258,15.604363499036392,-0.17398912003086425,void_in_void,False
19380.0,1,0.04614,5.17,137.0163282115194,1.25,256,-0.00018230471153343232,-0.010557357636231945,-0.25259779930065174,0.7270965291522079,-0.47796566563984744,-0.4628362598145195,59.28368912465811,48.30376024047929,20.087411695790585,-0.17398912003086425,void_in_void,False
19380.0,1,0.04614,5.17,137.0163282115194,1.5507603954646239,256,-0.00018230471153343232,-0.0349648941183171,-0.3206318482348575,0.5865167186915431,0.9430575906423906,0.9572823320312551,83.45539652545266,48.342507725933054,23.54112620476272,-0.17398912003086425,void_in_void,False
19380.0,1,0.04614,5.17,137.0163282115194,2.0,256,-0.00018230471153343232,-0.08910939426889702,-0.40882912431947427,0.4242279276482901,5.485576260265221,5.496007712129227,115.36004205016293,41.625481537497684,24.651880461620916,-0.17398912003086425,void_in_void,False
19380.0,1,0.04614,5.17,137.0163282115194,2.5,256,-0.00018230471153343232,-0.17398912003086425,-0.4677134149379829,0.3549860845188853,15.569354866453228,15.575536802220462,138.91154930661068,31.80544813346168,23.69590727604934,-0.17398912003086425,void_in_void,True
17841.0,2,0.04583,5.05,136.1045822672061,0.8,256,1.948606434415293,1.6702499829282231,1.6223923781743301,2.2925832849441754,-102.36861012760728,-102.35708934813508,31.638245956267006,34.51569115324991,11.072244161567253,0.369125842197327,void_in_cloud_or_compensated,True
17841.0,2,0.04583,5.05,136.1045822672061,1.0,256,1.948606434415293,1.5347876033572243,1.473640178516741,2.161597097265202,-121.74872534114903,-121.73720357157484,43.94259333553908,38.60672700863043,15.204405019322438,0.369125842197327,void_in_cloud_or_compensated,False
17841.0,2,0.04583,5.05,136.1045822672061,1.25,256,1.948606434415293,1.3495236486107174,1.2613416604328551,2.1220940592170785,-141.0652683628654,-141.0556502047644,57.389485940007084,42.1626275675349,19.744879423040434,0.369125842197327,void_in_cloud_or_compensated,False
17841.0,2,0.04583,5.05,136.1045822672061,1.5507603954646239,256,1.948606434415293,1.116268143600037,1.0137140390959565,1.8940164253216827,-156.87945446712916,-156.87446955725358,69.09367043372812,45.628070601066035,22.845258666167766,0.369125842197327,void_in_cloud_or_compensated,False
17841.0,2,0.04583,5.05,136.1045822672061,2.0,256,1.948606434415293,0.7524070485518135,0.6178036143668735,1.402764829808029,-165.08904686320497,-165.09291295247854,78.96779203531432,50.53531015832048,23.23418267000697,0.369125842197327,void_in_cloud_or_compensated,False
17841.0,2,0.04583,5.05,136.1045822672061,2.5,256,1.948606434415293,0.369125842197327,0.13543800256739585,0.9540074546282308,-152.79280928312866,-152.80315815087081,86.90088982246778,47.756287056037046,22.65412923511868,0.369125842197327,void_in_cloud_or_compensated,False
7803.0,3,0.02935,5.57,87.46200332440876,0.8,256,0.5306700587178388,0.26930421419008194,0.18140281636070762,0.6440926092004662,-23.3413126785794,-23.32499686455748,18.663207220253028,47.70827534330002,8.247902583767024,-0.014094187179231443,void_in_void,False
7803.0,3,0.02935,5.57,87.46200332440876,1.0,256,0.5306700587178388,0.16350839010337415,0.10300725167995475,0.5362018264296228,-23.183806113318262,-23.16394611453759,25.546502702075266,56.09660070674752,11.59892388924343,-0.014094187179231443,void_in_void,False
7803.0,3,0.02935,5.57,87.46200332440876,1.25,256,0.5306700587178388,0.056325218906727675,-0.03536728587494739,0.3767552194599161,-19.751795080568353,-19.728761306276894,33.549043486461315,63.8946550016116,15.517717755427821,-0.014094187179231443,void_in_void,False
7803.0,3,0.02935,5.57,87.46200332440876,1.5507603954646239,256,0.5306700587178388,-0.02056659004406977,-0.15132443275102195,0.3548007480819907,-13.450445624319508,-13.426075103628717,43.147935257962565,68.17356275242702,18.615182075789505,-0.014094187179231443,void_in_void,False
7803.0,3,0.02935,5.57,87.46200332440876,2.0,256,0.5306700587178388,-0.04672573024011345,-0.28066654393994706,0.5113454143358469,-4.486259618991354,-4.464383734865908,59.31795380735249,65.27028721227056,19.284435064341697,-0.014094187179231443,void_in_void,False
7803.0,3,0.02935,5.57,87.46200332440876,2.5,256,0.5306700587178388,-0.014094187179231443,-0.26933242554925885,0.7191180960395986,0.16411826436906155,0.17949814095647554,79.47455497565163,55.21266707022514,20.1148863361683,-0.014094187179231443,void_in_void,False
10930.0,4,0.04535,5.66,134.69260872361804,0.8,256,1.155150349445778,1.1140303079324272,1.1193231145423823,2.0217321146554856,-73.12139191238856,-73.13039817102921,44.78408022343916,54.95202171323005,16.47186642922516,0.5211342887322161,void_in_cloud_or_compensated,False
10930.0,4,0.04535,5.66,134.69260872361804,1.0,256,1.155150349445778,1.0936991882445466,1.0088757600281575,2.170520357492302,-90.29847073816322,-90.31175876055995,68.09067910074319,61.76647100320361,22.449204133704285,0.5211342887322161,void_in_cloud_or_compensated,False
10930.0,4,0.04535,5.66,134.69260872361804,1.25,256,1.155150349445778,1.0557223665019093,0.8559397386256536,2.357916161850499,-110.7197342775706,-110.73821931740903,102.20037872201347,65.4978133199212,28.878200553246536,0.5211342887322161,void_in_cloud_or_compensated,False
10930.0,4,0.04535,5.66,134.69260872361804,1.5507603954646239,256,1.155150349445778,0.9706069617570435,0.6164699217881238,2.5169128953950253,-132.41973787067496,-132.4431739281162,147.48061411110027,64.05842216288993,34.22109447257161,0.5211342887322161,void_in_cloud_or_compensated,False
10930.0,4,0.04535,5.66,134.69260872361804,2.0,256,1.155150349445778,0.785310913354057,0.2848680734908863,2.410720865507177,-155.35540643722678,-155.38320657714326,212.35126158775736,59.33093245741748,38.76635669060845,0.5211342887322161,void_in_cloud_or_compensated,False
10930.0,4,0.04535,5.66,134.69260872361804,2.5,256,1.155150349445778,0.5211342887322161,0.04605021340713455,1.8021204853355963,-162.7750766968305,-162.80579323054886,263.12549328773105,62.390591752726706,44.42384738788384,0.5211342887322161,void_in_cloud_or_compensated,False
12973.0,5,0.01533,5.12,45.814890065672905,0.8,256,1.0296987848050485,0.8737820441792282,0.6917044751158157,1.6338199747711764,-54.76355346697281,-54.74425802251358,35.038304775866514,36.0041919111327,6.613870622205921,0.003489968255155587,void_in_cloud_or_compensated,False
12973.0,5,0.01533,5.12,45.814890065672905,1.0,256,1.0296987848050485,0.7847132570380662,0.5428991797962655,1.6382454280091516,-64.52988491028472,-64.50438099097045,51.07936497399376,42.57362438035087,9.468966974897246,0.003489968255155587,void_in_cloud_or_compensated,False
12973.0,5,0.01533,5.12,45.814890065672905,1.25,256,1.0296987848050485,0.6515344593497137,0.40105978886135285,1.4814416858944448,-73.16643326060674,-73.1336870065291,71.83775739075962,50.512107835107905,13.219442213718928,0.003489968255155587,void_in_cloud_or_compensated,False
12973.0,5,0.01533,5.12,45.814890065672905,1.5507603954646239,256,1.0296987848050485,0.4755590516441054,0.2554708548541362,1.3452797029660248,-77.65372952986091,-77.61405987549051,94.93364624732875,60.00592747892304,17.471035277491648,0.003489968255155587,void_in_cloud_or_compensated,False
12973.0,5,0.01533,5.12,45.814890065672905,2.0,256,1.0296987848050485,0.22356590857976558,0.05096613935817468,1.0277275871727545,-72.88867057248471,-72.84356321649057,120.94518771867196,72.3849234240742,23.031993700510373,0.003489968255155587,void_in_cloud_or_compensated,False
12973.0,5,0.01533,5.12,45.814890065672905,2.5,256,1.0296987848050485,0.003489968255155587,-0.14850633611524977,0.6614919495952064,-55.45407103346389,-55.40842581519236,137.72091607840656,81.44894425725795,28.951282920001255,0.003489968255155587,void_in_cloud_or_compensated,False
15474.0,6,0.04567,7.32,135.63395653603888,0.8,256,0.06879607018775205,0.3404867696558102,0.3105978080968569,0.8747335322654755,-20.47709301788414,-20.458666780285483,33.962917660359615,78.96920955750323,17.593058239985655,0.4696999172438063,void_in_cloud_or_compensated,False
15474.0,6,0.04567,7.32,135.63395653603888,1.0,256,0.06879607018775205,0.42864014757943775,0.38130899222639736,1.0546611851943548,-32.97328671635756,-32.95298192165408,50.25236077011937,91.82143614097488,24.804171557630234,0.4696999172438063,void_in_cloud_or_compensated,False
15474.0,6,0.04567,7.32,135.63395653603888,1.25,256,0.06879607018775205,0.4960790157758172,0.4703530941632156,1.1654407303426206,-50.96226962661247,-50.94108740065697,69.88165721761216,103.61170103046302,35.44433540525581,0.4696999172438063,void_in_cloud_or_compensated,False
15474.0,6,0.04567,7.32,135.63395653603888,1.5507603954646239,256,0.06879607018775205,0.504398719106266,0.5910534059796188,1.1400590293374688,-72.10310575275655,-72.08210203886904,86.53919263398288,112.33576566282002,50.709557389947065,0.4696999172438063,void_in_cloud_or_compensated,False
15474.0,6,0.04567,7.32,135.63395653603888,2.0,256,0.06879607018775205,0.46899421497297283,0.5050202364205018,1.1385725634012744,-97.09247860607684,-97.07011198118404,88.94336829000191,116.73693060214175,71.2462082699535,0.4696999172438063,void_in_cloud_or_compensated,False
15474.0,6,0.04567,7.32,135.63395653603888,2.5,256,0.06879607018775205,0.4696999172438063,0.20053772495227332,1.3583080314620246,-121.7370358444419,-121.70451050298865,74.27507751571223,116.54925133849981,84.68519681027476,0.4696999172438063,void_in_cloud_or_compensated,False
13441.0,7,0.04014,6.26,119.348238775516,0.8,256,0.2577663694617472,0.34475333506140965,0.2457082971754349,0.6966102719495704,-23.1208797556131,-23.1273766037191,17.719023345496073,41.34677822280871,10.749837936964846,-0.2774998632700504,void_in_void,False
13441.0,7,0.04014,6.26,119.348238775516,1.0,256,0.2577663694617472,0.34239194638688764,0.22428518393584435,0.7527963715317791,-29.858599448007936,-29.867373989090172,27.32229059242223,43.60823933350503,13.647010748623936,-0.2774998632700504,void_in_void,False
13441.0,7,0.04014,6.26,119.348238775516,1.25,256,0.2577663694617472,0.29439534400989886,0.17610925748902068,0.7116260821420225,-36.61081244615218,-36.6225448600044,40.881429330208576,42.4601414041983,15.700943936273218,-0.2774998632700504,void_in_void,False
13441.0,7,0.04014,6.26,119.348238775516,1.5507603954646239,256,0.2577663694617472,0.17717336731245464,0.031297722706843126,0.6843555313184475,-39.354309988468145,-39.36913475739377,57.15699287783741,39.303623970207646,16.686851473403525,-0.2774998632700504,void_in_void,False
13441.0,7,0.04014,6.26,119.348238775516,2.0,256,0.2577663694617472,-0.059824047198418724,-0.2227308064263912,0.3514866042344383,-28.44708144256354,-28.46352400219448,74.73458010066744,39.58170079688267,18.5780314234776,-0.2774998632700504,void_in_void,False
13441.0,7,0.04014,6.26,119.348238775516,2.5,256,0.2577663694617472,-0.2774998632700504,-0.39141818003751294,0.03727528886218496,1.9678700505362245,1.9549863847987918,78.9138410849426,45.501781788698324,23.21705695789703,-0.2774998632700504,void_in_void,False
14232.0,8,0.04594,7.5,136.42811882487013,0.8,256,-0.376420938217246,-0.31833568188172356,-0.3636313557126303,-0.05467816744801298,28.60863335715936,28.60629523610745,17.771141003176083,41.950286195503374,8.539562223000017,-0.19498644472502727,void_in_void,False
14232.0,8,0.04594,7.5,136.42811882487013,1.0,256,-0.376420938217246,-0.3195366176301424,-0.3536690969856223,-0.038008089106548223,34.92205900206535,34.92049076994587,25.12518863321259,50.742769348311114,12.744400586856075,-0.19498644472502727,void_in_void,False
14232.0,8,0.04594,7.5,136.42811882487013,1.25,256,-0.376420938217246,-0.33758028316254995,-0.34612704300199315,-0.0788207887106147,43.802992837664846,43.80267943000574,33.359895688616284,61.468422265096144,18.72409064637198,-0.19498644472502727,void_in_void,False
14232.0,8,0.04594,7.5,136.42811882487013,1.5507603954646239,256,-0.376420938217246,-0.3580532539499676,-0.3695911654277706,-0.14615895832203474,56.162880760798956,56.164434956616354,40.244386654213415,74.36481693958456,26.263412700425185,-0.19498644472502727,void_in_void,False
14232.0,8,0.04594,7.5,136.42811882487013,2.0,256,-0.376420938217246,-0.3209048064423048,-0.3968397470781056,-0.10863642738443102,73.36120610070779,73.36703379491675,45.25344005053308,92.86516709060965,35.86458648699529,-0.19498644472502727,void_in_void,False
14232.0,8,0.04594,7.5,136.42811882487013,2.5,256,-0.376420938217246,-0.19498644472502727,-0.3780040399592123,0.20231149493230222,80.58948467136267,80.60256392940431,57.95775019756168,108.71173300839736,43.46433406308053,-0.19498644472502727,void_in_void,False
1887.0,9,0.03713,5.98,110.46778422068863,0.8,256,-0.5143789006543935,-0.4212985156571033,-0.4339634104961885,-0.24564806404614312,31.16495162555854,31.15534488811022,8.608709313901452,29.827801699527047,6.777364425251243,-0.008511015587058253,void_in_void,True
1887.0,9,0.03713,5.98,110.46778422068863,1.0,256,-0.5143789006543935,-0.3800148529927777,-0.38889424717290405,-0.19562504411235926,36.5985159172965,36.58753686690526,12.036468609223496,35.80942620163415,10.183194810794298,-0.008511015587058253,void_in_void,False
1887.0,9,0.03713,5.98,110.46778422068863,1.25,256,-0.5143789006543935,-0.3234898584441503,-0.33461227364735713,-0.10007238240401821,41.67100226496432,41.65921897099957,15.52179617248128,41.99184482233185,15.172712312840996,-0.008511015587058253,void_in_void,False
1887.0,9,0.03713,5.98,110.46778422068863,1.5507603954646239,256,-0.5143789006543935,-0.25601389586544776,-0.29148227762830026,0.03493748146975223,45.163535864585505,45.15239325176316,17.561883458298528,47.450999659276924,22.124993575692844,-0.008511015587058253,void_in_void,False
1887.0,9,0.03713,5.98,110.46778422068863,2.0,256,-0.5143789006543935,-0.15226419139883246,-0.28229000673558363,0.23951584906659507,45.53429742455708,45.52747411453557,18.404130916606363,52.281051354753416,34.519980125769216,-0.008511015587058253,void_in_void,False
1887.0,9,0.03713,5.98,110.46778422068863,2.5,256,-0.5143789006543935,-0.008511015587058253,-0.0956095200902684,0.4064379011241169,37.282698292331744,37.28236878539086,21.543313488564852,53.26829596309411,46.474301447966795,-0.008511015587058253,void_in_void,False
3119.0,10,0.04274,5.84,127.00994677717425,0.8,256,-0.4420937820127545,-0.42454005123794886,-0.42809314861368064,-0.32784066001728907,28.81563328334311,28.822968157682418,4.799361329505656,20.102186046726462,5.352687099101282,-0.25464198113490966,void_in_void,True
3119.0,10,0.04274,5.84,127.00994677717425,1.0,256,-0.4420937820127545,-0.4153923540791231,-0.4277907942206193,-0.2981621010938937,35.549405475934904,35.557971210041046,6.5930498085844675,24.18688253404393,7.921281322254284,-0.25464198113490966,void_in_void,True
3119.0,10,0.04274,5.84,127.00994677717425,1.25,256,-0.4420937820127545,-0.40115910447574643,-0.42162073665394106,-0.26412797294589924,43.53046642826692,43.540312127861995,8.666224580601888,28.826763440915432,11.456057285191488,-0.25464198113490966,void_in_void,True
3119.0,10,0.04274,5.84,127.00994677717425,1.5507603954646239,256,-0.4420937820127545,-0.37673422864377426,-0.3923797700585162,-0.2318569353285429,52.26337143979449,52.27438599188791,11.0233291078063,33.87027551899058,16.05629553489963,-0.25464198113490966,void_in_void,True
3119.0,10,0.04274,5.84,127.00994677717425,2.0,256,-0.4420937820127545,-0.3268026061592898,-0.344147136920986,-0.10733470182883116,62.73889272506273,62.75046886778547,15.286802552128897,40.15246104412643,23.64142682653791,-0.25464198113490966,void_in_void,False
3119.0,10,0.04274,5.84,127.00994677717425,2.5,256,-0.4420937820127545,-0.25464198113490966,-0.27791787794626727,0.008275373592058297,69.57677540299876,69.58648520619124,23.572629615888935,44.62569100067934,33.71071243036649,-0.25464198113490966,void_in_void,False
17578.0,11,0.02437,9.67,72.69647831231971,0.8,256,-0.3655752262740985,0.0781606711594956,-0.11133978323457903,0.5146306213304751,7.5029821732474815,7.504748925825316,46.63142998263571,43.08624115109736,27.947544277731648,0.05045842369038281,void_in_cloud_or_compensated,False
17578.0,11,0.02437,9.67,72.69647831231971,1.0,256,-0.3655752262740985,0.18185065799034472,-0.022281728694916098,0.5865280651344849,-4.5025332622421725,-4.504116359856113,68.35299842835668,47.609465519746585,36.099612679334854,0.05045842369038281,void_in_cloud_or_compensated,False
17578.0,11,0.02437,9.67,72.69647831231971,1.25,256,-0.3655752262740985,0.21562670869165357,0.020767320957864405,0.7981448942400144,-20.437262750813023,-20.442509225997746,95.29620857904699,57.21125418054724,44.671038916306195,0.05045842369038281,void_in_cloud_or_compensated,False
17578.0,11,0.02437,9.67,72.69647831231971,1.5507603954646239,256,-0.3655752262740985,0.13944180000011772,-0.019026689267441173,0.8440205787942902,-31.808875396416944,-31.81569490841934,122.35355693129219,69.20259141454666,54.79287180055134,0.05045842369038281,void_in_cloud_or_compensated,False
17578.0,11,0.02437,9.67,72.69647831231971,2.0,256,-0.3655752262740985,0.016587215334729427,-0.1530464079150528,0.7693970406624703,-28.41042590246561,-28.412923349204057,147.73777271351256,73.61453062825738,67.78464142413263,0.05045842369038281,void_in_cloud_or_compensated,False
17578.0,11,0.02437,9.67,72.69647831231971,2.5,256,-0.3655752262740985,0.05045842369038281,-0.18992422278053323,0.7457857175329867,-22.190327177472234,-22.182817481418823,160.88913220880917,72.9847183307661,68.85756084604937,0.05045842369038281,void_in_cloud_or_compensated,False
10240.0,12,0.0403,5.38,119.81997267417765,0.8,256,-0.14987377833766746,-0.06786512639569706,-0.09532207698179279,0.3383465171291833,5.892752963040556,5.902364504502353,18.73623845751861,28.365960835431725,13.96973536547884,-0.020826804574066958,void_in_void,True
10240.0,12,0.0403,5.38,119.81997267417765,1.0,256,-0.14987377833766746,-0.036472746244784054,-0.0822791434610507,0.4468880268767376,5.747681148620247,5.758483241284173,28.32815503527854,31.352621252409108,19.492238867562488,-0.020826804574066958,void_in_void,True
10240.0,12,0.0403,5.38,119.81997267417765,1.25,256,-0.14987377833766746,-0.0017580432040406949,-0.07143628825014695,0.5471138951524154,4.4976958241403,4.508789806467741,42.1352429140441,31.770885729116344,25.466388416830984,-0.020826804574066958,void_in_void,True
10240.0,12,0.0403,5.38,119.81997267417765,1.5507603954646239,256,-0.14987377833766746,0.026011442620052182,-0.08381231169991649,0.6575252520992645,2.149937036640209,2.159437577885363,60.349666978174874,27.53321860383488,29.898648061935088,-0.020826804574066958,void_in_void,True
10240.0,12,0.0403,5.38,119.81997267417765,2.0,256,-0.14987377833766746,0.02650849514606594,-0.15879646807667636,0.672745444290459,-1.1992469015716931,-1.1957065086360004,88.235066634443,14.113257479476864,30.16077843180383,-0.020826804574066958,void_in_void,True
10240.0,12,0.0403,5.38,119.81997267417765,2.5,256,-0.14987377833766746,-0.020826804574066958,-0.23716685456943937,0.5914154417892196,-1.1182454389289258,-1.1241016506161916,116.24142056549664,12.045927187226328,26.292104798297274,-0.020826804574066958,void_in_void,True
11653.0,13,0.02182,6.7,65.12393623544556,0.8,256,-0.6234721484690158,-0.5721702070137578,-0.5898586874208673,-0.4415545329514515,45.50573004473008,45.51467183164198,7.917341287833721,19.63636637606648,9.149874569107682,-0.3103494289383907,void_in_void,True
11653.0,13,0.02182,6.7,65.12393623544556,1.0,256,-0.6234721484690158,-0.5367825945480268,-0.5621533353517005,-0.33099933740485965,55.00555308597065,55.01692140923702,12.123302842480886,22.479355663921314,13.118248931993056,-0.3103494289383907,void_in_void,True
11653.0,13,0.02182,6.7,65.12393623544556,1.25,256,-0.6234721484690158,-0.48104176233773166,-0.5247660588249178,-0.1918669274837055,64.83600529360572,64.85054222276379,18.222530977421265,25.878274092150363,18.021356357726003,-0.3103494289383907,void_in_void,True
11653.0,13,0.02182,6.7,65.12393623544556,1.5507603954646239,256,-0.6234721484690158,-0.4143908043316748,-0.4851371819020642,0.03029666546008179,73.53884618585329,73.55756769592406,26.716234011919806,31.692751101292107,23.592308120554904,-0.3103494289383907,void_in_void,True
11653.0,13,0.02182,6.7,65.12393623544556,2.0,256,-0.6234721484690158,-0.3474598297536405,-0.4817631563145406,0.11807344805173091,82.43787748462444,82.46393457326496,43.11221513711984,45.98373218643613,34.19571906938416,-0.3103494289383907,void_in_void,False
11653.0,13,0.02182,6.7,65.12393623544556,2.5,256,-0.6234721484690158,-0.3103494289383907,-0.4555327576992335,0.23932433448292942,90.86921921340573,90.90475910979845,68.28585769186175,64.53220363021464,52.09598299334768,-0.3103494289383907,void_in_void,False
1855.0,14,0.04258,5.96,126.53870134958225,0.8,256,2.2541245332633313,1.6732567329142563,1.383038844625019,2.5083017729907073,-129.30915261083496,-129.29238236474137,41.92931678371347,25.821172699253726,7.0308614544674715,-0.12892733469646328,void_in_void,True
1855.0,14,0.04258,5.96,126.53870134958225,1.0,256,2.2541245332633313,1.3923454983879284,1.0267623379999753,2.262499768160091,-146.10007052457257,-146.07885634809833,60.08406426965925,23.926645564608222,9.344419591904991,-0.12892733469646328,void_in_void,True
1855.0,14,0.04258,5.96,126.53870134958225,1.25,256,2.2541245332633313,1.0203968417751776,0.6485067878036641,1.869873579838995,-155.44535876774324,-155.4195042634141,81.87591344594186,20.214060252712823,11.576828416345627,-0.12892733469646328,void_in_void,True
1855.0,14,0.04258,5.96,126.53870134958225,1.5507603954646239,256,2.2541245332633313,0.598714375588754,0.3347588671471925,1.3054398422007234,-150.58290808381636,-150.55335451975355,102.81023910514611,20.155069744756627,13.693525180980654,-0.12892733469646328,void_in_void,True
1855.0,14,0.04258,5.96,126.53870134958225,2.0,256,2.2541245332633313,0.13479306171119174,-0.029551069324245036,0.5882440902494934,-120.29703464322323,-120.26710232599972,116.68173723310234,27.947220263752744,16.917306483268813,-0.12892733469646328,void_in_void,True
1855.0,14,0.04258,5.96,126.53870134958225,2.5,256,2.2541245332633313,-0.12892733469646328,-0.21753293931777912,0.16778833877163257,-74.1694237417079,-74.14429703728445,111.67501119051711,34.63212138753665,24.426804345337423,-0.12892733469646328,void_in_void,True
19966.0,15,0.02721,15.92,81.12074399266085,0.8,256,0.14736412631431217,1.4184061704646087,0.7944014415092118,2.7624586202351353,-209.7879443873896,-209.86125940593865,375.60840147347693,137.24098257111766,57.87334230223659,0.10073141080824716,void_in_cloud_or_compensated,False
19966.0,15,0.02721,15.92,81.12074399266085,1.0,256,0.14736412631431217,1.2923291892396511,0.9832633265357682,2.6159526017474675,-286.5675585691246,-286.6584017964463,449.5560710329547,160.9803207093588,64.06815729237547,0.10073141080824716,void_in_cloud_or_compensated,False
19966.0,15,0.02721,15.92,81.12074399266085,1.25,256,0.14736412631431217,0.8950546073208852,0.47965030478999815,2.1681931821932863,-334.27472190554994,-334.36800132521745,476.3077310843461,144.49596152234687,76.10884561083546,0.10073141080824716,void_in_cloud_or_compensated,False
19966.0,15,0.02721,15.92,81.12074399266085,1.5507603954646239,256,0.14736412631431217,0.4149051624334643,0.0537546995548399,1.284049582889158,-322.6447436429383,-322.73649796937184,478.52042108117996,115.72448270234732,65.75651797442578,0.10073141080824716,void_in_cloud_or_compensated,False
19966.0,15,0.02721,15.92,81.12074399266085,2.0,256,0.14736412631431217,0.06852426151548417,-0.21154395157493822,0.8602804840039263,-237.40425480447024,-237.4911031310617,476.0471025550727,89.03319859744192,88.52726126824612,0.10073141080824716,void_in_cloud_or_compensated,False
19966.0,15,0.02721,15.92,81.12074399266085,2.5,256,0.14736412631431217,0.10073141080824716,-0.14860906639406654,0.8282635267972209,-173.62759702196715,-173.69609223671705,464.01276396791997,53.243262358567414,107.66021711523338,0.10073141080824716,void_in_cloud_or_compensated,False
13035.0,16,0.02212,9.87,66.0152405144911,0.8,256,-0.4421546403823204,-0.010595491400363366,-0.08857295527675196,0.4059470843895452,15.630297758007886,15.64776727377256,34.624022747308615,55.68868318976961,30.785693602766674,0.18991903477251773,void_in_cloud_or_compensated,False
13035.0,16,0.02212,9.87,66.0152405144911,1.0,256,-0.4421546403823204,0.04331945123457338,-0.047052334117542643,0.6054455445608041,8.32375684263163,8.342956707321918,51.47080676053873,63.659277636209445,41.06429358757714,0.18991903477251773,void_in_cloud_or_compensated,False
13035.0,16,0.02212,9.87,66.0152405144911,1.25,256,-0.4421546403823204,0.005535115092443643,-0.0745222301793278,0.6790780666635623,2.790304649488282,2.8118598587555894,72.57523424596107,73.379899061827,52.9966537755475,0.18991903477251773,void_in_cloud_or_compensated,False
13035.0,16,0.02212,9.87,66.0152405144911,1.5507603954646239,256,-0.4421546403823204,-0.08704707156791863,-0.21121640224764215,0.5980985688049074,6.635603939467458,6.662849804539022,95.33333280706763,83.68793614032577,63.94630142482607,0.18991903477251773,void_in_cloud_or_compensated,False
13035.0,16,0.02212,9.87,66.0152405144911,2.0,256,-0.4421546403823204,-0.06680735396460188,-0.25415011817387834,0.6113258397315752,18.65329949981853,18.695757632741675,127.78783495137752,94.82488898620254,74.45191064796411,0.18991903477251773,void_in_cloud_or_compensated,False
13035.0,16,0.02212,9.87,66.0152405144911,2.5,256,-0.4421546403823204,0.18991903477251773,-0.11379846227683701,0.9157703782434173,1.65403400830021,1.7104445104756607,182.29474004804948,82.8216648148442,71.5708240373077,0.18991903477251773,void_in_cloud_or_compensated,False
19681.0,17,0.03642,6.35,108.37141053406117,0.8,256,0.5945928167606777,0.671494713840635,0.49179694524502127,1.6111101558094127,-47.60545640514752,-47.63721172385337,53.65518819301129,41.784139796259325,18.065265961244357,-0.025974713943033037,void_in_void,False
19681.0,17,0.03642,6.35,108.37141053406117,1.0,256,0.5945928167606777,0.6525477034169569,0.39677191367625136,1.6753042274107817,-59.84018222763067,-59.88206840071716,78.28547742554532,48.6341882483199,24.593464788754787,-0.025974713943033037,void_in_void,False
19681.0,17,0.03642,6.35,108.37141053406117,1.25,256,0.5945928167606777,0.5769152122403225,0.2881938717608561,1.6154523236500296,-72.33194305157001,-72.3852707515881,109.29916577018004,55.55365476599393,31.55400484427048,-0.025974713943033037,void_in_void,False
19681.0,17,0.03642,6.35,108.37141053406117,1.5507603954646239,256,0.5945928167606777,0.42856521789781976,0.10974688861591261,1.444404830570366,-80.47049701543239,-80.53390022951744,141.884466651373,60.51160794726605,37.08885804538138,-0.025974713943033037,void_in_void,False
19681.0,17,0.03642,6.35,108.37141053406117,2.0,256,0.5945928167606777,0.18410024474152012,-0.16502497991376985,0.9162167235220476,-76.77837563920409,-76.847167894948,174.98112450224176,57.24761699981606,36.20081497324522,-0.025974713943033037,void_in_void,False
19681.0,17,0.03642,6.35,108.37141053406117,2.5,256,0.5945928167606777,-0.025974713943033037,-0.38135906236759054,0.4105793468999509,-56.15897124685525,-56.22300335720148,195.4400955538204,46.53683236310359,27.689467794889893,-0.025974713943033037,void_in_void,False
7222.0,18,0.0423,6.65,125.71394472218726,0.8,256,-0.3081347145608948,-0.2080389148342534,-0.24044088779846057,0.014927555159017562,18.428415149680053,18.418280766735542,13.256520186825508,48.477841748588354,8.593403666481061,-0.12831859524416914,void_in_void,False
7222.0,18,0.0423,6.65,125.71394472218726,1.0,256,-0.3081347145608948,-0.1764829772407859,-0.19802955320051616,0.03894656704867612,20.635844443189537,20.62441824320075,18.694171140434623,55.91715230331106,12.01233622474515,-0.12831859524416914,void_in_void,False
7222.0,18,0.0423,6.65,125.71394472218726,1.25,256,-0.3081347145608948,-0.1556279922673659,-0.19106793652656628,0.12598050006694214,22.682625545376606,22.670548904659274,24.899243599880226,61.932402996502674,16.351335753745342,-0.12831859524416914,void_in_void,False
7222.0,18,0.0423,6.65,125.71394472218726,1.5507603954646239,256,-0.3081347145608948,-0.15308490266105548,-0.22123893971973657,0.2545038733442173,25.510352527898537,25.499139402499644,30.57225577723001,64.02191092738435,22.49881975938646,-0.12831859524416914,void_in_void,False
7222.0,18,0.0423,6.65,125.71394472218726,2.0,256,-0.3081347145608948,-0.14947540406228754,-0.2848239348963637,0.30260379626363604,30.771378641115458,30.762726826634886,34.92629971477837,59.51270343867272,33.47272064705758,-0.12831859524416914,void_in_void,False
7222.0,18,0.0423,6.65,125.71394472218726,2.5,256,-0.3081347145608948,-0.12831859524416914,-0.2869191461592612,0.31300511404532877,35.87348640254497,35.867766068436254,35.43990340533696,49.28389066017302,42.22317329408455,-0.12831859524416914,void_in_void,False
19667.0,19,0.02548,8.61,75.99024971064433,0.8,256,2.1577513942886046,2.3340644655365326,2.09971618959408,4.073287217640428,-228.34367827568136,-228.3477451582354,145.6854323075905,70.3512600620049,35.155639659229436,0.5368598773564821,void_in_cloud_or_compensated,False
19667.0,19,0.02548,8.61,75.99024971064433,1.0,256,2.1577513942886046,2.218679276793739,1.8353828779876218,4.0868703394351735,-283.0547646956183,-283.0577552610742,201.96430507580828,85.88267661824429,52.500227444236884,0.5368598773564821,void_in_cloud_or_compensated,False
19667.0,19,0.02548,8.61,75.99024971064433,1.25,256,2.1577513942886046,1.940263252466083,1.5502796702097448,3.4058005068251274,-337.0049453691585,-337.00571311216413,260.83850995073857,99.15940736115593,75.35244523634782,0.5368598773564821,void_in_cloud_or_compensated,False
19667.0,19,0.02548,8.61,75.99024971064433,1.5507603954646239,256,2.1577513942886046,1.5212784283720324,1.2957929899917127,2.65783187831675,-375.1758409719805,-375.1754531295758,303.719722858112,104.97377773186871,98.43138388512183,0.5368598773564821,void_in_cloud_or_compensated,False
19667.0,19,0.02548,8.61,75.99024971064433,2.0,256,2.1577513942886046,0.979098642553112,0.5865628236161572,1.8323308504784506,-384.8324889315294,-384.8436173333421,319.8340553308074,100.5350291747695,101.43388554764195,0.5368598773564821,void_in_cloud_or_compensated,False
19667.0,19,0.02548,8.61,75.99024971064433,2.5,256,2.1577513942886046,0.5368598773564821,0.131655671315438,1.2705124844853912,-355.8872968628336,-355.92087430160854,320.73465058762986,85.91267840215018,77.66411921836955,0.5368598773564821,void_in_cloud_or_compensated,False
5295.0,20,0.04292,5.06,127.54005956398642,0.8,256,-0.15033174377942324,-0.01038722695485926,-0.18565730599516056,0.4965625538499168,3.5417686633826357,3.5322505424093844,21.010664195584873,56.573199445618506,10.814571353897719,0.3274037463052133,void_in_cloud_or_compensated,False
5295.0,20,0.04292,5.06,127.54005956398642,1.0,256,-0.15033174377942324,0.04716550694862799,-0.19416492115787565,0.6600103350646425,1.5709017378270649,1.5598005670046344,31.421724516644836,66.18715483081172,15.88021797826955,0.3274037463052133,void_in_cloud_or_compensated,False
5295.0,20,0.04292,5.06,127.54005956398642,1.25,256,-0.15033174377942324,0.11669889841824185,-0.14536745096302,0.7995909956435892,-2.6925341058785635,-2.7047730548060027,46.04553802029023,74.75228785288034,22.628562296974682,0.3274037463052133,void_in_cloud_or_compensated,False
5295.0,20,0.04292,5.06,127.54005956398642,1.5507603954646239,256,-0.15033174377942324,0.18852865565920604,-0.08615171928491044,0.8573221187262318,-10.125107257125114,-10.13737139122301,64.52225836644074,80.70326450786646,30.685117931014382,0.3274037463052133,void_in_cloud_or_compensated,False
5295.0,20,0.04292,5.06,127.54005956398642,2.0,256,-0.15033174377942324,0.26727356311702744,0.01852089842158322,0.8164330024032375,-24.100663007400488,-24.110308465131716,90.5446294338766,82.7958744701763,41.25025812500937,0.3274037463052133,void_in_cloud_or_compensated,False
5295.0,20,0.04292,5.06,127.54005956398642,2.5,256,-0.15033174377942324,0.3274037463052133,0.03322561110286713,0.9299622591137897,-41.95241734540482,-41.95652582842325,117.35484507955239,79.01299447606006,48.90904516696766,0.3274037463052133,void_in_cloud_or_compensated,False
20079.0,21,0.02694,6.94,80.32027517182755,0.8,256,-0.3894957188779179,-0.38987789047198756,-0.4336409722771697,-0.16209031348774194,31.058686382260742,31.072386650746758,9.273284784933526,67.72814355215284,14.629755293043324,0.022053039128118235,void_in_cloud_or_compensated,False
20079.0,21,0.02694,6.94,80.32027517182755,1.0,256,-0.3894957188779179,-0.3814344926601211,-0.44019749402061664,-0.08459233708906859,38.55292189869461,38.56772398544551,14.106502652371754,79.19805276135891,21.761714780001036,0.022053039128118235,void_in_cloud_or_compensated,False
20079.0,21,0.02694,6.94,80.32027517182755,1.25,256,-0.3894957188779179,-0.3587382948115683,-0.429029009496226,0.004745130561833758,47.11939529254901,47.134063773165,21.37681544033099,89.68143736734724,31.375112123667282,0.022053039128118235,void_in_cloud_or_compensated,False
20079.0,21,0.02694,6.94,80.32027517182755,1.5507603954646239,256,-0.3894957188779179,-0.30727782415444105,-0.42759009297635997,0.13749198842266885,55.048451863306944,55.06081452174288,32.390532888620186,96.95900937867353,43.05412993188159,0.022053039128118235,void_in_cloud_or_compensated,False
20079.0,21,0.02694,6.94,80.32027517182755,2.0,256,-0.3894957188779179,-0.1814824599007712,-0.4140404452659757,0.45571756168901345,58.90537030484907,58.91078593121506,54.50733696039875,98.01513440194454,59.28904681336389,0.022053039128118235,void_in_cloud_or_compensated,False
20079.0,21,0.02694,6.94,80.32027517182755,2.5,256,-0.3894957188779179,0.022053039128118235,-0.3612109312459709,0.966761326056822,47.010218125238936,47.00611789406775,87.60764267621676,90.65746531548409,76.42856228367843,0.022053039128118235,void_in_cloud_or_compensated,False
12656.0,22,0.04248,5.75,126.24415667946172,0.8,256,1.5637070767620231,1.1970948539866124,1.104454469295831,1.7189211054492446,-87.97655269636408,-87.97101338734966,26.20617774579126,27.18468253629931,7.900272280243662,-0.1482318429883453,void_in_void,True
12656.0,22,0.04248,5.75,126.24415667946172,1.0,256,1.5637070767620231,1.0106905069495968,0.8633547005804751,1.5858004161713561,-100.32062151794995,-100.31530074118704,36.61624748422737,28.353804943982365,11.020358558399003,-0.1482318429883453,void_in_void,True
12656.0,22,0.04248,5.75,126.24415667946172,1.25,256,1.5637070767620231,0.754183135284453,0.6091895326512891,1.3556197279170514,-107.9501290740949,-107.9450705031539,48.429410271759316,30.02191210952922,14.62709093715251,-0.1482318429883453,void_in_void,True
12656.0,22,0.04248,5.75,126.24415667946172,1.5507603954646239,256,1.5637070767620231,0.4448305799116621,0.29539463588381965,0.9801308700826417,-105.64462807684545,-105.63884491732378,59.011314596283974,33.41876910150769,17.915285309545894,-0.1482318429883453,void_in_void,True
12656.0,22,0.04248,5.75,126.24415667946172,2.0,256,1.5637070767620231,0.07340771813239823,0.01669823170293314,0.43469901564277746,-83.7831170743736,-83.77334370631647,66.1881919251768,36.54520804609997,20.627507759803475,-0.1482318429883453,void_in_void,False
12656.0,22,0.04248,5.75,126.24415667946172,2.5,256,1.5637070767620231,-0.1482318429883453,-0.19959280593410772,0.22778403263863017,-47.29837110463201,-47.283001310876955,64.87408780962421,33.93450030336629,22.495718800031195,-0.1482318429883453,void_in_void,True
17736.0,23,0.04657,5.09,138.28080839835468,0.8,256,-0.16323530540373538,-0.23571248535288586,-0.2992559948867545,-0.03619155539746726,12.609931017155015,12.610668880161217,7.344064447862728,29.678295649905305,5.561545613044606,-0.22896994776069496,void_in_void,True
17736.0,23,0.04657,5.09,138.28080839835468,1.0,256,-0.16323530540373538,-0.25751886104339866,-0.3419448200281586,-0.019653906886386907,16.838402698827373,16.83997617238541,11.756499437470323,34.53237231501089,8.56546440688885,-0.22896994776069496,void_in_void,True
17736.0,23,0.04657,5.09,138.28080839835468,1.25,256,-0.16323530540373538,-0.278223793994021,-0.38381932498748483,0.006129615413655181,22.7540672954202,22.757052575758536,18.526587170024918,38.553461309429046,12.844942827873114,-0.22896994776069496,void_in_void,False
17736.0,23,0.04657,5.09,138.28080839835468,1.5507603954646239,256,-0.16323530540373538,-0.295009798444223,-0.42413339141552353,0.006642476275478993,30.243344984465804,30.24848695385149,28.054494513830747,40.44627818590181,18.539848030934245,-0.22896994776069496,void_in_void,False
17736.0,23,0.04657,5.09,138.28080839835468,2.0,256,-0.16323530540373538,-0.2839075030682141,-0.4428128758505745,-0.01756072078099087,40.9320355504953,40.941455389346466,44.160695800110425,37.89675267718808,27.23967650949203,-0.22896994776069496,void_in_void,False
17736.0,23,0.04657,5.09,138.28080839835468,2.5,256,-0.16323530540373538,-0.22896994776069496,-0.4104198275377265,0.029281869222425972,48.91432107455898,48.92864390315247,61.43715791130558,30.659214794748355,36.15682270207487,-0.22896994776069496,void_in_void,True
16067.0,24,0.04627,6.48,137.39863739404615,0.8,256,3.358966339661899,2.3570811911114657,2.215589949067616,3.2275541131388916,-201.82151146785552,-201.82017885512926,53.04399146669305,51.05891429830292,14.570098016948773,0.08948422414914003,void_in_cloud_or_compensated,False
16067.0,24,0.04627,6.48,137.39863739404615,1.0,256,3.358966339661899,1.9176600852197727,1.7430696023534162,2.8321490271689616,-225.02524594242146,-225.0242928799451,74.27440881527997,56.94545028090811,20.179452219680844,0.08948422414914003,void_in_cloud_or_compensated,False
16067.0,24,0.04627,6.48,137.39863739404615,1.25,256,3.358966339661899,1.3755035107670586,1.2613242107843847,2.2047152162294394,-235.58110055471641,-235.580343662714,97.90656648362742,61.49763876688183,26.97580896240223,0.08948422414914003,void_in_cloud_or_compensated,False
16067.0,24,0.04627,6.48,137.39863739404615,1.5507603954646239,256,3.358966339661899,0.8192262358640952,0.7537758924932305,1.4821728267412357,-225.9065774055891,-225.9050673409277,118.41650692923973,62.83150006109837,34.64040286596652,0.08948422414914003,void_in_cloud_or_compensated,False
16067.0,24,0.04627,6.48,137.39863739404615,2.0,256,3.358966339661899,0.2999363404064319,0.1411518697983897,0.8124519054187472,-185.30756111106362,-185.30246240382496,135.40118008210933,61.11384987079682,42.57861152230132,0.08948422414914003,void_in_cloud_or_compensated,False
16067.0,24,0.04627,6.48,137.39863739404615,2.5,256,3.358966339661899,0.08948422414914003,0.0,0.45577680745750676,-137.5661175412216,-137.55971451145896,142.16404995880197,61.708929914879455,48.635123203237775,0.08948422414914003,void_in_cloud_or_compensated,False
18400.0,25,0.04112,14.18,122.23710646953957,0.8,256,0.09146713500500661,0.3607925353193575,-0.12685668765103897,1.6116786498884006,-61.52443736995986,-61.581687121090035,191.66402744047457,76.75432776726194,34.78531415874067,-0.19312065550008883,void_in_void,False
18400.0,25,0.04112,14.18,122.23710646953957,1.0,256,0.09146713500500661,0.23055468293692521,-0.18749615520258656,1.215541161964028,-68.29832491207677,-68.36679248597332,241.37460951456455,82.09569984766112,35.40691566411404,-0.19312065550008883,void_in_void,False
18400.0,25,0.04112,14.18,122.23710646953957,1.25,256,0.09146713500500661,0.054699980057503955,-0.2984394260860672,0.8904001295780956,-60.33597499005538,-60.41259418640969,281.21471638535905,80.99293393397923,35.53775859967365,-0.19312065550008883,void_in_void,False
18400.0,25,0.04112,14.18,122.23710646953957,1.5507603954646239,256,0.09146713500500661,-0.1431246653776344,-0.37898045768359057,0.4377014432131108,-30.917306479566367,-31.002115933817095,301.53621187053415,78.92308088189043,43.175077563722674,-0.19312065550008883,void_in_void,False
18400.0,25,0.04112,14.18,122.23710646953957,2.0,256,0.09146713500500661,-0.30664970826365023,-0.4369506100995523,0.07149659881674676,36.275513959221854,36.18185569693546,306.11562696164515,88.92603832122805,58.11964342688016,-0.19312065550008883,void_in_void,False
18400.0,25,0.04112,14.18,122.23710646953957,2.5,256,0.09146713500500661,-0.19312065550008883,-0.3828022118548685,0.19162486035015164,87.18904641538053,87.10142078944068,309.69395198931096,84.76804434305353,68.55700703850998,-0.19312065550008883,void_in_void,False
19383.0,26,0.04262,5.95,126.65651571171672,0.8,256,-0.4145591559607463,-0.31870140210755243,-0.39704320377450175,-0.011912573944789734,24.180943890769022,24.189752859150794,14.840073715815226,39.05472448669577,9.490611742983068,-0.1799673712525689,void_in_void,False
19383.0,26,0.04262,5.95,126.65651571171672,1.0,256,-0.4145591559607463,-0.27685729377750157,-0.3722185116348181,0.0851678383753407,27.747384828770222,27.758540751837185,23.317342808098214,44.64953783726568,13.306238409217428,-0.1799673712525689,void_in_void,False
19383.0,26,0.04262,5.95,126.65651571171672,1.25,256,-0.4145591559607463,-0.23697907502908225,-0.3544518595546885,0.1644676242420978,30.986464956488152,31.000607503947947,36.51148622367013,48.684549369883555,17.430799939671967,-0.1799673712525689,void_in_void,False
19383.0,26,0.04262,5.95,126.65651571171672,1.5507603954646239,256,-0.4145591559607463,-0.19612235991868907,-0.3474667707291413,0.19595165634022052,33.62042202252905,33.63777205569548,55.52912201401722,49.65565540829738,21.152738697056748,-0.1799673712525689,void_in_void,False
19383.0,26,0.04262,5.95,126.65651571171672,2.0,256,-0.4145591559607463,-0.1583384930821358,-0.3596363946653698,0.2801389069357518,35.93528143404055,35.95536620976108,86.15102175319491,45.37877543113955,26.023396104109025,-0.1799673712525689,void_in_void,False
19383.0,26,0.04262,5.95,126.65651571171672,2.5,256,-0.4145591559607463,-0.1799673712525689,-0.388346656722994,0.25645495837569093,40.10115939892897,40.120750520605256,116.70325688171684,38.51511340621747,35.653451078349384,-0.1799673712525689,void_in_void,False
18466.0,27,0.02827,5.66,84.26245152354291,0.8,256,7.088342244895213,5.317021840512259,4.5906722186560724,8.670697119662847,-385.00456747349523,-385.01422090059845,189.27149158374596,85.7546400738245,26.422488701418896,0.8330788958712609,void_in_cloud_or_compensated,False
18466.0,27,0.02827,5.66,84.26245152354291,1.0,256,7.088342244895213,4.560487358854437,3.8329684323599293,7.863996674046139,-440.0688088006834,-440.0811292809303,262.196913368341,92.00126748352217,32.59658540874814,0.8330788958712609,void_in_cloud_or_compensated,False
18466.0,27,0.02827,5.66,84.26245152354291,1.25,256,7.088342244895213,3.625925754876192,2.9331237412090436,6.6108305564114875,-481.4561782991729,-481.47271161522815,343.53249384177997,95.08838203057584,35.04295568468448,0.8330788958712609,void_in_cloud_or_compensated,False
18466.0,27,0.02827,5.66,84.26245152354291,1.5507603954646239,256,7.088342244895213,2.615008521906073,2.0013868206921375,4.834795617421536,-496.06585487535784,-496.09019333894133,417.36294852692794,95.32417642871488,32.60185387659917,0.8330788958712609,void_in_cloud_or_compensated,False
18466.0,27,0.02827,5.66,84.26245152354291,2.0,256,7.088342244895213,1.5067765431215763,1.0215597259615836,3.3550227031864805,-467.9350966753695,-467.9769531770926,480.7136062371118,93.0381172631283,31.80226285269645,0.8330788958712609,void_in_cloud_or_compensated,False
18466.0,27,0.02827,5.66,84.26245152354291,2.5,256,7.088342244895213,0.8330788958712609,0.4325917093135035,2.4113130282970796,-408.2643375613514,-408.33040920862277,517.9500437428277,90.79427243819573,43.329172108131765,0.8330788958712609,void_in_cloud_or_compensated,False
18343.0,28,0.03209,10.11,95.57288677664815,0.8,256,1.5043436427303207,0.7320928047015806,0.36326206101024267,1.8283070575236127,-112.61681311686549,-112.64349972434863,117.3484225308449,111.66716271741312,38.70276996201798,0.4871596288790787,void_in_cloud_or_compensated,False
18343.0,28,0.03209,10.11,95.57288677664815,1.0,256,1.5043436427303207,0.5553135161893423,0.243362957763047,1.6561785307310037,-116.51639603302691,-116.54259752854912,141.93141029856469,119.19958537331266,47.21065134049464,0.4871596288790787,void_in_cloud_or_compensated,False
18343.0,28,0.03209,10.11,95.57288677664815,1.25,256,1.5043436427303207,0.425539492335811,0.14790172511841526,1.4259482710062075,-116.71030118699733,-116.73101865102916,162.24329412309433,118.34796350518626,55.05411847675603,0.4871596288790787,void_in_cloud_or_compensated,False
18343.0,28,0.03209,10.11,95.57288677664815,1.5507603954646239,256,1.5043436427303207,0.3413004635580124,-0.0018264382586103507,1.4511376113355963,-115.79592592389884,-115.80486425485961,184.6392235252995,109.5526066649887,65.56515863928344,0.4871596288790787,void_in_cloud_or_compensated,False
18343.0,28,0.03209,10.11,95.57288677664815,2.0,256,1.5043436427303207,0.36739517727354326,-0.07608167886594983,1.3824296866315195,-121.68843247230492,-121.67447633575159,238.66794713379295,83.30466506922701,75.51713795798099,0.4871596288790787,void_in_cloud_or_compensated,False
18343.0,28,0.03209,10.11,95.57288677664815,2.5,256,1.5043436427303207,0.4871596288790787,-0.003470997390863791,1.395804313919017,-155.9452210533468,-155.9065308599175,316.60206918111805,34.55754356222194,64.24746433376484,0.4871596288790787,void_in_cloud_or_compensated,True
2548.0,29,0.04162,6.64,123.71055575554405,0.8,256,0.3314282777159384,0.2750612893924763,0.20149012535906718,0.6937899194205606,-22.48021000443951,-22.467440635899514,22.58606392480033,47.89776157255984,10.745827165813742,0.07080538255260278,void_in_cloud_or_compensated,False
2548.0,29,0.04162,6.64,123.71055575554405,1.0,256,0.3314282777159384,0.24871228363970665,0.1141322696897133,0.7338552440256882,-26.44294749785272,-26.42704871362849,34.482118193729,51.9762830455164,14.698854637376115,0.07080538255260278,void_in_cloud_or_compensated,False
2548.0,29,0.04162,6.64,123.71055575554405,1.25,256,0.3314282777159384,0.22025483708754987,0.041952312664065364,0.7768114385544806,-30.405120731697217,-30.38509228761361,52.077273899176866,51.808877942632165,19.34108445781598,0.07080538255260278,void_in_cloud_or_compensated,False
2548.0,29,0.04162,6.64,123.71055575554405,1.5507603954646239,256,0.3314282777159384,0.19361744572648293,-0.0014389982728311881,0.7234597297099515,-34.00192370072583,-33.97669581633152,74.67504062013393,44.86295099514347,24.60222431497973,0.07080538255260278,void_in_cloud_or_compensated,False
2548.0,29,0.04162,6.64,123.71055575554405,2.0,256,0.3314282777159384,0.15785499353055782,-0.05039563542289127,0.6616823161292942,-38.21509767367247,-38.184367059408004,101.04660592017404,30.76897740158549,32.15402386111652,0.07080538255260278,void_in_cloud_or_compensated,True
2548.0,29,0.04162,6.64,123.71055575554405,2.5,256,0.3314282777159384,0.07080538255260278,-0.07937207445811509,0.5586462902571376,-37.62468428049384,-37.5950978192152,109.77144645309437,38.49255744668404,41.78276027252647,0.07080538255260278,void_in_cloud_or_compensated,False
12983.0,30,0.03277,6.23,97.58436150732126,0.8,256,-0.4983591590473668,-0.34989832200285215,-0.39422631226275084,-0.07685903652925069,28.932509817206522,28.92234575664341,15.36617828547652,39.54747673457971,9.382956097414315,-0.05312657961095493,void_in_void,False
12983.0,30,0.03277,6.23,97.58436150732126,1.0,256,-0.4983591590473668,-0.2849014453795825,-0.36358610014923876,0.06419223058840916,32.20807180616746,32.19680926257216,23.6932647219518,44.88124295833528,14.061319055585734,-0.05312657961095493,void_in_void,False
12983.0,30,0.03277,6.23,97.58436150732126,1.25,256,-0.4983591590473668,-0.20724765200103412,-0.2872346862305245,0.24949079753580816,33.79751362618589,33.78616603867644,35.80439249064025,48.32651494151474,21.073061182961304,-0.05312657961095493,void_in_void,False
12983.0,30,0.03277,6.23,97.58436150732126,1.5507603954646239,256,-0.4983591590473668,-0.13348989374622786,-0.26665716232486747,0.4399789132803234,32.85422349896175,32.844804820920345,51.69290462639392,48.50198932276596,30.867482832576382,-0.05312657961095493,void_in_void,False
12983.0,30,0.03277,6.23,97.58436150732126,2.0,256,-0.4983591590473668,-0.07313711884646057,-0.29700591627217454,0.6508536690570299,28.894248231013545,28.89113500976767,74.9374879543388,44.48758933735182,45.64435577558343,-0.05312657961095493,void_in_void,False
12983.0,30,0.03277,6.23,97.58436150732126,2.5,256,-0.4983591590473668,-0.05312657961095493,-0.33451906352626837,0.7571582345759398,25.08982254817687,25.095975210019347,98.19204133670752,39.072941728027615,55.054664643988595,-0.05312657961095493,void_in_void,False
5705.0,31,0.04613,6.64,136.98691893435947,0.8,256,0.9325840551052353,1.1401587449189456,1.0341220023374356,2.499176178007129,-82.07538389149084,-82.0762209521667,74.41220581966896,77.92167328725185,22.334834285376136,0.3451706543066042,void_in_cloud_or_compensated,False
5705.0,31,0.04613,6.64,136.98691893435947,1.0,256,0.9325840551052353,1.1564443818547665,0.9459545258205719,2.7074623004028555,-105.80753609692825,-105.81831613697143,108.22625500874881,85.67613419943183,29.388077270667058,0.3451706543066042,void_in_cloud_or_compensated,False
5705.0,31,0.04613,6.64,136.98691893435947,1.25,256,0.9325840551052353,1.1040417313868804,0.7920562301429943,2.695796267592104,-133.30606867650636,-133.33217539082196,150.7254042759418,87.65871108640896,36.31828395226931,0.3451706543066042,void_in_cloud_or_compensated,False
5705.0,31,0.04613,6.64,136.98691893435947,1.5507603954646239,256,0.9325840551052353,0.9437910496281696,0.6180749326177281,2.434214246502523,-158.22243854970174,-158.26748339988825,194.78857512329554,81.36963215189914,41.93139299542428,0.3451706543066042,void_in_cloud_or_compensated,False
5705.0,31,0.04613,6.64,136.98691893435947,2.0,256,0.9325840551052353,0.6285117371481999,0.28734735841254433,1.7281638185754404,-173.19740148134454,-173.26335998665206,235.53066539897816,67.45832729491501,45.65135162117606,0.3451706543066042,void_in_cloud_or_compensated,False
5705.0,31,0.04613,6.64,136.98691893435947,2.5,256,0.9325840551052353,0.3451706543066042,0.1285567723019745,1.0120408443464475,-164.2943898163287,-164.36840481553688,247.8414293196093,59.396370111725616,45.99958223395756,0.3451706543066042,void_in_cloud_or_compensated,False
5283.0,32,0.0318,5.15,94.71487705344536,0.8,256,0.6644131604042988,0.5256668210068076,0.37310988353585667,1.1591248066373483,-34.031501891170386,-34.02357574405845,29.91903427022361,28.36376513906423,6.487740414164712,-0.09419293707304313,void_in_void,True
5283.0,32,0.0318,5.15,94.71487705344536,1.0,256,0.6644131604042988,0.4506784451827211,0.31002642685551296,1.1040134710930831,-39.2065127623713,-39.19747825945549,41.87595798875744,30.992134122176278,9.630302716410048,-0.09419293707304313,void_in_void,True
5283.0,32,0.0318,5.15,94.71487705344536,1.25,256,0.6644131604042988,0.3430533329264137,0.22901810299641612,0.9244090612128597,-42.73615544777321,-42.72623225063802,54.88394895132929,32.13649839837325,14.05703426318665,-0.09419293707304313,void_in_void,True
5283.0,32,0.0318,5.15,94.71487705344536,1.5507603954646239,256,0.6644131604042988,0.20634867678289007,0.12928164194109842,0.6730382858241171,-42.407175843114224,-42.39680683581505,65.21495030903141,32.06419592835105,19.69220180679786,-0.09419293707304313,void_in_void,True
5283.0,32,0.0318,5.15,94.71487705344536,2.0,256,0.6644131604042988,0.022174226709282346,-0.07286431868279258,0.4520775078530913,-33.546945012530266,-33.537088660792435,68.23448857358801,33.24212088710779,27.652404535972206,-0.09419293707304313,void_in_void,True
5283.0,32,0.0318,5.15,94.71487705344536,2.5,256,0.6644131604042988,-0.09419293707304313,-0.19899647878794818,0.26482427614629184,-16.945589092902352,-16.939081693473227,60.82534671542132,38.64312755102898,34.88961902164355,-0.09419293707304313,void_in_void,False
13473.0,33,0.03864,9.04,114.92417748969103,0.8,256,-0.1040897323587131,-0.09719208896384485,-0.2786403785995341,0.3604264154804835,9.387169067451005,9.394582906919242,46.53806793294377,34.83090873515008,16.328315820983253,0.05175026565508876,void_in_cloud_or_compensated,True
13473.0,33,0.03864,9.04,114.92417748969103,1.0,256,-0.1040897323587131,-0.11667297340813182,-0.33437134692082826,0.3108332505124254,12.749916843608524,12.762419916845467,67.48408286726264,36.65831684576928,19.657379980852053,0.05175026565508876,void_in_cloud_or_compensated,False
13473.0,33,0.03864,9.04,114.92417748969103,1.25,256,-0.1040897323587131,-0.14443029598768017,-0.3764360006260914,0.21389884541818144,18.616413564336145,18.6368879089605,92.10713407802298,41.87232375595347,26.180477086160213,0.05175026565508876,void_in_cloud_or_compensated,False
13473.0,33,0.03864,9.04,114.92417748969103,1.5507603954646239,256,-0.1040897323587131,-0.14679521038367221,-0.36364616398236305,0.41098122766916967,26.259168360753627,26.289835749927292,115.32528070860887,52.670978553053864,38.820135393248215,0.05175026565508876,void_in_cloud_or_compensated,False
13473.0,33,0.03864,9.04,114.92417748969103,2.0,256,-0.1040897323587131,-0.05975052427099849,-0.2723263661506672,0.5280568756176781,30.68625290587134,30.728542120141203,140.40624395664534,59.21812312385504,53.03472091300079,0.05175026565508876,void_in_cloud_or_compensated,False
13473.0,33,0.03864,9.04,114.92417748969103,2.5,256,-0.1040897323587131,0.05175026565508876,-0.22299577549719196,0.7582927249643205,18.694711291120296,18.739769476740342,169.68892739574767,59.96084957264426,68.88204969194388,0.05175026565508876,void_in_cloud_or_compensated,False
12322.0,34,0.03552,5.78,105.71313195293084,0.8,256,2.3686380630327735,2.429830126458981,2.3279253233633677,3.4553573482895863,-160.23977352660017,-160.2054786169337,54.1035104164795,70.01088414202023,21.18882865173327,1.5477179541500712,void_in_cloud_or_compensated,False
12322.0,34,0.03552,5.78,105.71313195293084,1.0,256,2.3686380630327735,2.3997195371271873,2.2691065859961155,3.5583906023551197,-199.87136010536886,-199.8293812605341,79.12717648554028,77.27976506270362,31.143177604076705,1.5477179541500712,void_in_cloud_or_compensated,False
12322.0,34,0.03552,5.78,105.71313195293084,1.25,256,2.3686380630327735,2.3131904807115973,2.121892276403724,3.5998643001360273,-246.59025126367936,-246.54053031712394,112.04786410616927,82.4586493453247,44.98789974039218,1.5477179541500712,void_in_cloud_or_compensated,False
12322.0,34,0.03552,5.78,105.71313195293084,1.5507603954646239,256,2.3686380630327735,2.1531350743478352,1.8734574207488806,3.5524699053422237,-296.2361259516913,-296.1801801626069,150.30831099273405,86.1900193113759,62.7340560514532,1.5477179541500712,void_in_cloud_or_compensated,False
12322.0,34,0.03552,5.78,105.71313195293084,2.0,256,2.3686380630327735,1.8358306237515545,1.3974771323877406,3.1337125189312203,-352.7852669324322,-352.7229831045075,201.69294818229417,87.82978286822141,84.21739636592288,1.5477179541500712,void_in_cloud_or_compensated,False
12322.0,34,0.03552,5.78,105.71313195293084,2.5,256,2.3686380630327735,1.5477179541500712,1.1948588625496452,2.668440062770048,-394.756387733895,-394.68625920837565,253.26939504528082,89.55978138076362,87.52536012947152,1.5477179541500712,void_in_cloud_or_compensated,False
18971.0,35,0.04262,5.65,126.65651571171671,0.8,256,2.4504380520640745,1.857866744176428,1.5975483890148439,2.9577053784994622,-133.64148889801345,-133.62655226115953,53.108306776166266,76.06543246208815,32.51056706614561,0.6870986395594209,void_in_cloud_or_compensated,False
18971.0,35,0.04262,5.65,126.65651571171671,1.0,256,2.4504380520640745,1.6209136956812844,1.2902057526202517,2.910498850496082,-153.61649483811598,-153.59589136185008,76.59896284006095,89.84761101924713,46.963811016381015,0.6870986395594209,void_in_cloud_or_compensated,False
18971.0,35,0.04262,5.65,126.65651571171671,1.25,256,2.4504380520640745,1.346320341684497,0.9371646870041063,2.8087115767608966,-170.61161695737792,-170.58399040402014,107.0106404951088,103.68527995335762,64.35875046204237,0.6870986395594209,void_in_cloud_or_compensated,False
18971.0,35,0.04262,5.65,126.65651571171671,1.5507603954646239,256,2.4504380520640745,1.0879877845479147,0.6026665952274031,2.6684410176810034,-182.30471963896565,-182.27011535334555,142.85088338262372,114.49149219690783,80.1107590294033,0.6870986395594209,void_in_cloud_or_compensated,False
18971.0,35,0.04262,5.65,126.65651571171671,2.0,256,2.4504380520640745,0.8439627180687853,0.19596088528341532,2.1594259155766142,-190.87069631470246,-190.83064114393764,193.1829223972667,116.74951848051853,85.90326471269861,0.6870986395594209,void_in_cloud_or_compensated,False
18971.0,35,0.04262,5.65,126.65651571171671,2.5,256,2.4504380520640745,0.6870986395594209,-0.0021781955505207036,1.569220615811851,-196.3941321516687,-196.35419917645487,243.32868654469112,106.79213822184266,75.57272432096418,0.6870986395594209,void_in_cloud_or_compensated,False
13117.0,36,0.04071,6.82,121.02864468609332,0.8,256,-0.235945653548174,-0.0669709340095847,-0.1668826250470673,0.42898229828836787,9.452332206979028,9.440114004819229,25.84430224577727,27.889451607137378,12.232118830715711,-0.15836338640500797,void_in_void,True
13117.0,36,0.04071,6.82,121.02864468609332,1.0,256,-0.235945653548174,-0.025120274930556657,-0.1844609011875103,0.6242611633328122,8.106243216827993,8.091704663294802,38.69878548304313,30.018207139032096,17.191080580424952,-0.15836338640500797,void_in_void,True
13117.0,36,0.04071,6.82,121.02864468609332,1.25,256,-0.235945653548174,-0.004902718639175463,-0.22835632189924526,0.6838164946203393,5.889769170800108,5.873263811016578,56.34627635225996,32.12740932953002,23.063220742255766,-0.15836338640500797,void_in_void,True
13117.0,36,0.04071,6.82,121.02864468609332,1.5507603954646239,256,-0.235945653548174,-0.026942186930960954,-0.22065332602823956,0.6487258298259241,4.805588662943266,4.7877657130064435,77.68368900734546,37.07874813503349,28.31108125717646,-0.15836338640500797,void_in_void,False
13117.0,36,0.04071,6.82,121.02864468609332,2.0,256,-0.235945653548174,-0.10042970259620942,-0.25801534127165837,0.369122908044991,9.78832121885629,9.76901888720137,104.80861358133716,49.216968099759384,31.075632594921625,-0.15836338640500797,void_in_void,False
13117.0,36,0.04071,6.82,121.02864468609332,2.5,256,-0.235945653548174,-0.15836338640500797,-0.3238796771049567,0.3868231716679571,22.37138709373009,22.351220384942174,121.77441025279528,60.31634528591081,32.24792239640812,-0.15836338640500797,void_in_void,False
13488.0,37,0.04539,8.34,134.81028422504463,0.8,256,-0.5012261710833452,-0.35107950357060136,-0.3727065877020126,-0.18282997833393436,38.51455495691216,38.514523620060224,3.65012789117265,30.570978398373086,9.228768149813698,-0.0701688035168731,void_in_void,True
13488.0,37,0.04539,8.34,134.81028422504463,1.0,256,-0.5012261710833452,-0.29266699308759225,-0.3465080781023271,-0.04457727006227552,43.24911252201802,43.2472011653525,6.657815571524401,37.09502702182115,12.84087582696167,-0.0701688035168731,void_in_void,False
13488.0,37,0.04539,8.34,134.81028422504463,1.25,256,-0.5012261710833452,-0.22806295446717084,-0.3126188797629029,0.08901566818404973,46.429977159993356,46.42564079694875,13.326958133924565,46.16082228279415,18.01882789897821,-0.0701688035168731,void_in_void,False
13488.0,37,0.04539,8.34,134.81028422504463,1.5507603954646239,256,-0.5012261710833452,-0.16319859231057388,-0.2841473152724557,0.195613641845662,47.056888822508455,47.05081257407437,27.48993628250559,58.46033586525262,25.483769954931347,-0.0701688035168731,void_in_void,False
13488.0,37,0.04539,8.34,134.81028422504463,2.0,256,-0.5012261710833452,-0.08498071871187932,-0.22968891974518885,0.39378279698683494,43.319469164766396,43.312624938855635,57.01359121593805,75.33387496610347,39.30764974837428,-0.0701688035168731,void_in_void,False
13488.0,37,0.04539,8.34,134.81028422504463,2.5,256,-0.5012261710833452,-0.0701688035168731,-0.2446343260360284,0.4254525702448401,37.903590991219545,37.89410682184791,78.70539199671656,84.31298292908986,55.35945157749426,-0.0701688035168731,void_in_void,False
19913.0,38,0.03302,6.32,98.32372966830816,0.8,256,0.8428657155175382,0.8319680024420164,0.8573622844435228,1.174256904903448,-60.404914732734355,-60.41375181993638,23.133853841652794,48.00303900974376,24.13544201628761,0.40102241859165194,void_in_cloud_or_compensated,False
19913.0,38,0.03302,6.32,98.32372966830816,1.0,256,0.8428657155175382,0.80842042902753,0.8357250019836857,1.1680874253448785,-74.78676424309032,-74.7980894311524,31.79114066461492,57.122431837585175,34.884294132183,0.40102241859165194,void_in_cloud_or_compensated,False
19913.0,38,0.03302,6.32,98.32372966830816,1.25,256,0.8428657155175382,0.7567164349419121,0.7873161638520335,1.159662209404481,-90.88508170088194,-90.8983884090232,40.58282588631994,66.1782394813128,48.61001169092742,0.40102241859165194,void_in_cloud_or_compensated,False
19913.0,38,0.03302,6.32,98.32372966830816,1.5507603954646239,256,0.8428657155175382,0.6770520996986003,0.6697639089046163,1.103528757674674,-106.7886559726199,-106.8020276684226,46.6760093772045,74.10995788981742,63.94845810753016,0.40102241859165194,void_in_cloud_or_compensated,False
19913.0,38,0.03302,6.32,98.32372966830816,2.0,256,0.8428657155175382,0.5337996745322909,0.42798794140589147,1.1665369461013038,-121.79803398788208,-121.80749999283583,46.5586080258071,84.36109423551791,79.62081803655572,0.40102241859165194,void_in_cloud_or_compensated,False
19913.0,38,0.03302,6.32,98.32372966830816,2.5,256,0.8428657155175382,0.40102241859165194,0.19572269337251622,1.1506033066970476,-128.49522432083137,-128.4993638599745,46.78237827881905,97.0276712742694,88.01865454058313,0.40102241859165194,void_in_cloud_or_compensated,False
13469.0,39,0.04268,9.31,126.83323349842118,0.8,256,-0.3694922930553709,0.04525251982060423,-0.0561064846996842,0.45142386457966444,9.879077455546577,9.865904907949108,32.35385104106852,60.28243504321988,16.254070439918454,-0.13683318998181274,void_in_void,False
13469.0,39,0.04268,9.31,126.83323349842118,1.0,256,-0.3694922930553709,0.14212975359442942,0.07834677573440128,0.586861111270316,-0.31157840369666256,-0.32342301445528854,47.285763076631135,65.56035102375614,21.635559386271023,-0.13683318998181274,void_in_void,False
13469.0,39,0.04268,9.31,126.83323349842118,1.25,256,-0.3694922930553709,0.1618258058818051,0.12288000817781015,0.6471280789070166,-13.361218485689063,-13.368902835071196,62.987813544680996,68.59744026411177,28.513642980444786,-0.13683318998181274,void_in_void,False
13469.0,39,0.04268,9.31,126.83323349842118,1.5507603954646239,256,-0.3694922930553709,0.056373514316915986,-0.041792894772271216,0.5533789925912496,-19.871171145529452,-19.872138797504174,72.47118683603911,68.0159342475507,36.172923921327815,-0.13683318998181274,void_in_void,False
13469.0,39,0.04268,9.31,126.83323349842118,2.0,256,-0.3694922930553709,-0.12870142762056153,-0.27258932612550046,0.2587668397248836,-4.36875335317694,-4.361850359486684,72.10227042818465,64.65931208331212,44.98197106595938,-0.13683318998181274,void_in_void,False
13469.0,39,0.04268,9.31,126.83323349842118,2.5,256,-0.3694922930553709,-0.13683318998181274,-0.29785413098009306,0.2604564514433962,22.147961705288992,22.156063995040654,67.9540934257167,69.85850391133903,53.03144653173485,-0.13683318998181274,void_in_void,False
11908.0,40,0.02326,5.01,69.40118295501311,0.8,256,0.7292253521587163,0.7180600049498636,0.8023023620101324,1.1213062400500584,-41.46135546859627,-41.45992756944803,18.583720449641607,12.723766925043018,5.477404349788979,0.22405885615146287,void_in_cloud_or_compensated,True
11908.0,40,0.02326,5.01,69.40118295501311,1.0,256,0.7292253521587163,0.703268938419567,0.7802390781584818,1.2071829291477136,-51.30776970044793,-51.30441670259137,28.34964208693069,15.467983714644545,7.964065921540745,0.22405885615146287,void_in_cloud_or_compensated,True
11908.0,40,0.02326,5.01,69.40118295501311,1.25,256,0.7292253521587163,0.6659939273621214,0.7225683235331338,1.3189458470419189,-62.71377214775354,-62.70645537054201,42.81597740995581,22.19827042410288,11.342158717375806,0.22405885615146287,void_in_cloud_or_compensated,True
11908.0,40,0.02326,5.01,69.40118295501311,1.5507603954646239,256,0.7292253521587163,0.5930167689022996,0.6021674121017802,1.4416135883832377,-73.99251274028207,-73.9782223988351,63.43321126839769,35.23804193067672,15.368832184583178,0.22405885615146287,void_in_cloud_or_compensated,True
11908.0,40,0.02326,5.01,69.40118295501311,2.0,256,0.7292253521587163,0.4310715887929476,0.24847898618717862,1.3921082774970257,-83.3834833612715,-83.35605964321341,98.39888672060835,59.73880332925025,20.568294767420507,0.22405885615146287,void_in_cloud_or_compensated,False
11908.0,40,0.02326,5.01,69.40118295501311,2.5,256,0.7292253521587163,0.22405885615146287,0.06345374297434256,1.0550729789370918,-81.24125502870656,-81.19993337471024,135.33731045663507,85.94208348701422,25.973073639554276,0.22405885615146287,void_in_cloud_or_compensated,False
1878.0,41,0.04524,5.3,134.368990746491,0.8,256,-0.14351027775855865,-0.04161792241201123,-0.11692079400372804,0.24672778034521547,4.837173925096929,4.831204933520139,11.733186601956659,30.40838616371292,9.858305309678185,0.15663203664944042,void_in_cloud_or_compensated,True
1878.0,41,0.04524,5.3,134.368990746491,1.0,256,-0.14351027775855865,0.003255902730269905,-0.08753726071666039,0.35540372285993876,3.764332523543029,3.757759083495921,17.24298108298674,34.601457426820964,14.524533067980894,0.15663203664944042,void_in_cloud_or_compensated,True
1878.0,41,0.04524,5.3,134.368990746491,1.25,256,-0.14351027775855865,0.05683015967737685,-0.042435212416786924,0.4566671407793691,0.9210311607877943,0.9144361463174278,24.596863281246737,37.02446315896475,20.721145881920826,0.15663203664944042,void_in_cloud_or_compensated,False
1878.0,41,0.04524,5.3,134.368990746491,1.5507603954646239,256,-0.14351027775855865,0.11193334089809456,0.03706643191022433,0.4981204661496463,-4.259728483401714,-4.26506763101974,33.630411814621645,35.559917408009504,27.86188355203054,0.15663203664944042,void_in_cloud_or_compensated,False
1878.0,41,0.04524,5.3,134.368990746491,2.0,256,-0.14351027775855865,0.1599316102883843,0.042562468087019086,0.5624206084902922,-14.029690854114367,-14.029931673791562,48.37909269702716,25.460353021553875,35.74979843883202,0.15663203664944042,void_in_cloud_or_compensated,True
1878.0,41,0.04524,5.3,134.368990746491,2.5,256,-0.14351027775855865,0.15663203664944042,-0.03793285564815682,0.5404253374888013,-23.921630477065268,-23.91288089022351,68.05509741523707,20.12023852492154,40.306832756721136,0.15663203664944042,void_in_cloud_or_compensated,True
18098.0,42,0.03107,8.98,92.554596661845,0.8,256,0.8447239561272711,1.0842826453150933,1.0698983327030545,1.5699860157789978,-103.36996379849477,-103.38026849695311,34.42057268395258,78.62701298372501,37.505031900135194,0.3294481273111315,void_in_cloud_or_compensated,False
18098.0,42,0.03107,8.98,92.554596661845,1.0,256,0.8447239561272711,1.1387201654959491,0.9410815776612869,1.947119095971859,-135.9991149725073,-136.01450430793912,50.3757509098368,94.68782790403557,48.01169398668629,0.3294481273111315,void_in_cloud_or_compensated,False
18098.0,42,0.03107,8.98,92.554596661845,1.25,256,0.8447239561272711,1.1386756050215492,0.8232646873655391,2.1973501355060607,-176.79258916698734,-176.81397566552067,87.83115970603397,106.99908759939346,54.86845476722713,0.3294481273111315,void_in_cloud_or_compensated,False
18098.0,42,0.03107,8.98,92.554596661845,1.5507603954646239,256,0.8447239561272711,1.0079451565936766,0.7319383137940232,2.148711788263808,-217.05440664329672,-217.078244855154,145.8810341087895,110.276049579179,60.069309088795144,0.3294481273111315,void_in_cloud_or_compensated,False
18098.0,42,0.03107,8.98,92.554596661845,2.0,256,0.8447239561272711,0.6631064287484315,0.43105315987573534,1.7014271605088802,-243.42472125518015,-243.43985149083704,206.41700132569477,98.46297181837218,73.4533325686107,0.3294481273111315,void_in_cloud_or_compensated,False
18098.0,42,0.03107,8.98,92.554596661845,2.5,256,0.8447239561272711,0.3294481273111315,0.06745614215038868,1.1970633311552297,-229.54109775410393,-229.54082885486235,211.04946735099554,79.11669478531877,78.82778139319791,0.3294481273111315,void_in_cloud_or_compensated,False
10367.0,43,0.02407,6.81,71.80600817667053,0.8,256,0.29052492449536343,0.25618758736285907,0.1637388671688758,0.9388677063302638,-21.221490638595466,-21.203031552574885,41.44024815522655,18.146653152633874,9.260679261356053,-0.08570532479300098,void_in_void,True
10367.0,43,0.02407,6.81,71.80600817667053,1.0,256,0.29052492449536343,0.2281781415164938,0.13825005792493245,0.9611055870730403,-25.043432427734487,-25.016523632064384,58.9822382359894,25.708561855231675,13.439566776825528,-0.08570532479300098,void_in_void,True
10367.0,43,0.02407,6.81,71.80600817667053,1.25,256,0.29052492449536343,0.18250785385030768,0.09134126441390746,0.9505247838719959,-28.1352280447824,-28.097135060491514,80.90223677987969,37.156084780922065,19.58116435664734,-0.08570532479300098,void_in_void,False
10367.0,43,0.02407,6.81,71.80600817667053,1.5507603954646239,256,0.29052492449536343,0.11923671754443173,0.019258834128606246,0.855688747582992,-28.974176900250995,-28.922928726502963,105.7855260171506,52.80522644919902,27.559553207222862,-0.08570532479300098,void_in_void,False
10367.0,43,0.02407,6.81,71.80600817667053,2.0,256,0.29052492449536343,0.0169443366813124,-0.1080861298603029,0.6320960236753898,-24.041654775593795,-23.97400659730249,138.63478265741617,74.52317069543211,36.921576571729766,-0.08570532479300098,void_in_void,False
10367.0,43,0.02407,6.81,71.80600817667053,2.5,256,0.29052492449536343,-0.08570532479300098,-0.2311766750710415,0.4993737480173463,-10.49696043774657,-10.41770854509484,168.01438157273958,89.20417510560212,45.878576101772694,-0.08570532479300098,void_in_void,False
13265.0,44,0.03883,5.12,115.48471407220637,0.8,256,-0.34709000791822087,-0.2171202141914701,-0.265639411678296,0.01338792523485592,15.621159647715922,15.617210207674606,7.502357126794874,21.013047852994728,7.6507514381413975,0.02459752481981735,void_in_cloud_or_compensated,True
13265.0,44,0.03883,5.12,115.48471407220637,1.0,256,-0.34709000791822087,-0.15971162487435814,-0.19998117656902095,0.14948111583330445,16.601999576707726,16.596637270835117,12.104591602644723,25.587911194158973,11.631794590779569,0.02459752481981735,void_in_cloud_or_compensated,True
13265.0,44,0.03883,5.12,115.48471407220637,1.25,256,-0.34709000791822087,-0.08855730346154654,-0.13403365747347645,0.31542933582960386,16.045646794215834,16.038293957544845,19.07555957737461,31.051826450320128,17.363819257750045,0.02459752481981735,void_in_cloud_or_compensated,True
13265.0,44,0.03883,5.12,115.48471407220637,1.5507603954646239,256,-0.34709000791822087,-0.015315001049383208,-0.06897491743065465,0.43656200366802517,13.009134464085372,12.999394577995592,29.180703968893415,37.670179251676906,25.230549759183575,0.02459752481981735,void_in_cloud_or_compensated,False
13265.0,44,0.03883,5.12,115.48471407220637,2.0,256,-0.34709000791822087,0.03384781144737882,-0.05151488169278319,0.5425440128222679,6.46302062799429,6.450919020455407,46.18460389255079,47.15757617649827,37.545163721450876,0.02459752481981735,void_in_cloud_or_compensated,False
13265.0,44,0.03883,5.12,115.48471407220637,2.5,256,-0.34709000791822087,0.02459752481981735,-0.07158674828030016,0.5268840374069828,1.4393448675438714,1.427151232507864,63.504233913124345,53.71075776314747,48.73738322975795,0.02459752481981735,void_in_cloud_or_compensated,False
13668.0,45,0.03479,5.22,103.55623111342076,0.8,256,2.3974025756182393,2.34409705016412,2.2251932170081727,3.6743342336286675,-141.57336737392708,-141.5416190229076,63.857839833031,105.76068709601614,30.050938986435753,1.3641336268163586,void_in_cloud_or_compensated,False
13668.0,45,0.03479,5.22,103.55623111342076,1.0,256,2.3974025756182393,2.2813901989494045,2.139408074602138,3.6543124430513725,-174.69374049725306,-174.65198226395154,93.984606454188,122.6127060312646,42.71491182143929,1.3641336268163586,void_in_cloud_or_compensated,False
13668.0,45,0.03479,5.22,103.55623111342076,1.25,256,2.3974025756182393,2.1674206784742265,1.97797666641732,3.5815221232714864,-212.88874638138637,-212.8344818648319,134.14300087023184,136.46940319194465,58.718935828275086,1.3641336268163586,void_in_cloud_or_compensated,False
13668.0,45,0.03479,5.22,103.55623111342076,1.5507603954646239,256,2.3974025756182393,1.9825321722694749,1.6419216220730517,3.43847906512423,-252.40474385147166,-252.33699384372375,181.22666516374105,143.39952025048714,76.34084743954637,1.3641336268163586,void_in_cloud_or_compensated,False
13668.0,45,0.03479,5.22,103.55623111342076,2.0,256,2.3974025756182393,1.6679839639752383,1.0553851290451872,3.6079332688854406,-295.9755868095339,-295.894160083112,240.44051621854817,136.93980692635188,96.42925184708915,1.3641336268163586,void_in_cloud_or_compensated,False
13668.0,45,0.03479,5.22,103.55623111342076,2.5,256,2.3974025756182393,1.3641336268163586,0.5842415296057692,3.2042988751808115,-325.4840627682431,-325.4001056947237,284.75690857528355,112.94370006653125,106.06055925556448,1.3641336268163586,void_in_cloud_or_compensated,False
18485.0,46,0.04473,5.98,132.86838184375603,0.8,256,-0.09781364424894194,0.19827464872417128,0.1583954159693955,0.7484881670441397,-6.129870285710697,-6.136112622928119,28.027899585891873,36.4522476861661,14.112908746514995,0.39129814445948474,void_in_cloud_or_compensated,False
18485.0,46,0.04473,5.98,132.86838184375603,1.0,256,-0.09781364424894194,0.3204316170945088,0.25486408251074844,1.0541064604270427,-14.922371198816114,-14.931463762563885,43.52125414165232,43.93330590543096,21.002338077208275,0.39129814445948474,void_in_cloud_or_compensated,False
18485.0,46,0.04473,5.98,132.86838184375603,1.25,256,-0.09781364424894194,0.4581852072302494,0.3403952030990539,1.2951851882829164,-30.226000654786613,-30.23890033099436,66.36975105567251,51.430792984117616,30.012641857803807,0.39129814445948474,void_in_cloud_or_compensated,False
18485.0,46,0.04473,5.98,132.86838184375603,1.5507603954646239,256,-0.09781364424894194,0.5662156669142073,0.32682805411638116,1.5397195886893404,-52.592843995716066,-52.610086832304575,96.49796119770626,57.319336532971015,39.57713765586326,0.39129814445948474,void_in_cloud_or_compensated,False
18485.0,46,0.04473,5.98,132.86838184375603,2.0,256,-0.09781364424894194,0.5681463847272673,0.29822518817141275,1.4183172703197418,-84.76388151255344,-84.78547705965323,137.87350464451376,61.2885812672399,49.22216617913594,0.39129814445948474,void_in_cloud_or_compensated,False
18485.0,46,0.04473,5.98,132.86838184375603,2.5,256,-0.09781364424894194,0.39129814445948474,0.14863183706420263,1.111216441189917,-104.46458733328583,-104.48732268147387,166.86684949716533,63.46963986433699,57.56864351990353,0.39129814445948474,void_in_cloud_or_compensated,False
19205.0,47,0.03787,5.85,112.65206768942797,0.8,256,-0.3802207850467338,-0.3609479156549999,-0.410666430821816,-0.09570806536276406,24.558573831997165,24.555666037778664,14.162165103412207,29.886179156478672,7.020103077706432,-0.3998094779701615,void_in_void,True
19205.0,47,0.03787,5.85,112.65206768942797,1.0,256,-0.3802207850467338,-0.35709652747275766,-0.4200356946154542,-0.07073305131631757,30.35066321951304,30.347044215142777,20.601452891950284,35.846273980602206,10.20987317816872,-0.3998094779701615,void_in_void,False
19205.0,47,0.03787,5.85,112.65206768942797,1.25,256,-0.3802207850467338,-0.35783596794065364,-0.4253313596362287,-0.09131701590301465,37.63926714331173,37.63492574957807,28.89358224372408,42.33419516536947,14.55068248238426,-0.3998094779701615,void_in_void,False
19205.0,47,0.03787,5.85,112.65206768942797,1.5507603954646239,256,-0.3802207850467338,-0.36741412551771446,-0.44667071095462424,-0.09941152681200678,46.82650128478512,46.82174099405659,38.20761429055898,48.778093469862114,20.025796126363513,-0.3998094779701615,void_in_void,False
19205.0,47,0.03787,5.85,112.65206768942797,2.0,256,-0.3802207850467338,-0.3906695936481126,-0.5049863134611963,-0.10103621957866175,62.03576170637675,62.031938972467074,49.55636277613128,55.984340077344214,28.442752928526836,-0.3998094779701615,void_in_void,False
19205.0,47,0.03787,5.85,112.65206768942797,2.5,256,-0.3802207850467338,-0.3998094779701615,-0.5131665294264188,-0.07524202776600757,80.52544010558843,80.52569505498779,58.37534056664488,60.751447188851905,37.892532898741784,-0.3998094779701615,void_in_void,False
986.0,48,0.0057,5.99,17.06840850601621,0.8,256,3.298488893572631,2.97912696027226,2.4363398822483187,4.891439694468695,-213.686659335822,-213.66544048925218,107.8682289879898,75.71757960983368,30.219237354742962,0.5569196136327406,void_in_cloud_or_compensated,False
986.0,48,0.0057,5.99,17.06840850601621,1.0,256,3.298488893572631,2.741478061761125,2.1340922316257394,4.589305379575554,-256.03343579323615,-256.0116257535999,150.65547421336075,84.0799512742253,36.597057358510746,0.5569196136327406,void_in_cloud_or_compensated,False
986.0,48,0.0057,5.99,17.06840850601621,1.25,256,3.298488893572631,2.3649969899226804,1.8343496821104401,3.9584499726342117,-296.60351701666366,-296.58217915175754,198.2627835268282,94.78038961173547,38.72776328369635,0.5569196136327406,void_in_cloud_or_compensated,False
986.0,48,0.0057,5.99,17.06840850601621,1.5507603954646239,256,3.298488893572631,1.846474049772307,1.5421188636516303,2.942743371939959,-324.76415190582657,-324.74259508252516,238.90789637437754,110.1643110941671,35.01365212774578,0.5569196136327406,void_in_cloud_or_compensated,False
986.0,48,0.0057,5.99,17.06840850601621,2.0,256,3.298488893572631,1.1225337914133005,0.9350179136508752,2.156231199091079,-326.8148106630068,-326.7877571371243,263.2052975087553,129.6832057808767,34.43911647363134,0.5569196136327406,void_in_cloud_or_compensated,False
986.0,48,0.0057,5.99,17.06840850601621,2.5,256,3.298488893572631,0.5569196136327406,0.48543925141088884,1.4779610489221557,-291.97655056169594,-291.9373091733919,262.672247688521,135.95240871830507,51.215555256563725,0.5569196136327406,void_in_cloud_or_compensated,False
17822.0,49,0.04307,12.97,127.98178922291613,0.8,256,-0.3423659853195488,-0.37050192022907524,-0.4221820985867582,-0.15944594206088594,59.317881846871835,59.30928944646512,18.020786956391408,47.91816382553674,23.732672102200485,-0.04429046511235314,void_in_void,False
17822.0,49,0.04307,12.97,127.98178922291613,1.0,256,-0.3423659853195488,-0.28951603986514024,-0.4092694297491417,0.030600387378427397,67.73583195186427,67.7222432056812,28.31656304706104,54.601099953729396,35.147329679884834,-0.04429046511235314,void_in_void,False
17822.0,49,0.04307,12.97,127.98178922291613,1.25,256,-0.3423659853195488,-0.18869235259295236,-0.4163627247486026,0.30423639559721355,69.71792985700142,69.69732497815787,52.422420241303946,59.665094479617466,49.30236610426577,-0.04429046511235314,void_in_void,False
17822.0,49,0.04307,12.97,127.98178922291613,1.5507603954646239,256,-0.3423659853195488,-0.12667439240438813,-0.39883548017052495,0.42424073765789216,65.56040773330088,65.53249530256983,88.11798398931639,64.62048789201785,62.01389375677252,-0.04429046511235314,void_in_void,False
17822.0,49,0.04307,12.97,127.98178922291613,2.0,256,-0.3423659853195488,-0.12663406622365472,-0.35088956671258376,0.3583227967110982,63.70722797408418,63.67350695651206,128.70598687093423,81.91384763091567,65.97677191120557,-0.04429046511235314,void_in_void,False
17822.0,49,0.04307,12.97,127.98178922291613,2.5,256,-0.3423659853195488,-0.04429046511235314,-0.2301678479000679,0.47468108381612734,62.44128981101446,62.409828556269545,135.0250648824207,89.82060283354356,65.80675817848919,-0.04429046511235314,void_in_void,False
12142.0,50,0.04328,6.7,128.6001633994601,0.8,256,0.4229907077786162,0.7036180727252181,0.4508647924084574,1.8534717380033743,-46.78378662256591,-46.79687522365319,66.65815093095756,49.07775395950157,15.070186162893975,0.06315458929925663,void_in_cloud_or_compensated,False
12142.0,50,0.04328,6.7,128.6001633994601,1.0,256,0.4229907077786162,0.7667754031026515,0.4155720851825353,2.165333751735482,-64.49705833491387,-64.50950387233556,99.09210584869967,50.300839252900296,20.035105491816466,0.06315458929925663,void_in_cloud_or_compensated,False
12142.0,50,0.04328,6.7,128.6001633994601,1.25,256,0.4229907077786162,0.7737898699985243,0.3872110099259872,2.2987628317501194,-86.69675399818371,-86.7059968892953,140.87552493754853,46.50539833740474,24.16126962301983,0.06315458929925663,void_in_cloud_or_compensated,False
12142.0,50,0.04328,6.7,128.6001633994601,1.5507603954646239,256,0.4229907077786162,0.6670277011985792,0.3388695774196887,1.7813534806146585,-107.71331744090757,-107.71642598839378,184.43656402368813,39.16925208229796,26.45179063608025,0.06315458929925663,void_in_cloud_or_compensated,False
12142.0,50,0.04328,6.7,128.6001633994601,2.0,256,0.4229907077786162,0.36934741344916755,0.14805665846453525,1.135163701052265,-117.07757955063545,-117.0710520411888,219.50826801638033,35.52641416649784,33.19015998369525,0.06315458929925663,void_in_cloud_or_compensated,False
12142.0,50,0.04328,6.7,128.6001633994601,2.5,256,0.4229907077786162,0.06315458929925663,-0.16671626935061956,0.7098865920635371,-97.59260720994035,-97.57912261116793,217.3419253306403,43.101638724348774,43.494561300491284,0.06315458929925663,void_in_cloud_or_compensated,False
12212.0,51,0.0397,5.0,118.05080554415706,0.8,256,2.0094531048129993,1.6485655751202657,1.674406626660217,2.4758751462104405,-102.1741619617949,-102.18610510552193,40.36596490942508,33.527176455781465,15.958092285184147,0.4052603196263579,void_in_cloud_or_compensated,True
12212.0,51,0.0397,5.0,118.05080554415706,1.0,256,2.0094531048129993,1.47195414497359,1.5158625831184374,2.3315300688819702,-119.56274281432063,-119.57902310515846,58.06298852499023,40.609168209683226,23.116138987643104,0.4052603196263579,void_in_cloud_or_compensated,False
12212.0,51,0.0397,5.0,118.05080554415706,1.25,256,2.0094531048129993,1.2374079381141234,1.3538274218812383,2.12776330800252,-135.12939225669996,-135.1516777738256,80.27122459130463,48.10794618394488,32.25153478219939,0.4052603196263579,void_in_cloud_or_compensated,False
12212.0,51,0.0397,5.0,118.05080554415706,1.5507603954646239,256,2.0094531048129993,0.9761747905653099,1.0783103267706156,1.814372855017559,-145.50807593889448,-145.53736440961274,104.27925234435514,54.34897114129254,41.75740448814681,0.4052603196263579,void_in_cloud_or_compensated,False
12212.0,51,0.0397,5.0,118.05080554415706,2.0,256,2.0094531048129993,0.6499655648211321,0.60851067209105,1.5045268426417082,-147.86110862529037,-147.89832418090214,131.20512722229947,58.39208088271915,51.417084854397515,0.4052603196263579,void_in_cloud_or_compensated,False
12212.0,51,0.0397,5.0,118.05080554415706,2.5,256,2.0094531048129993,0.4052603196263579,0.18862531567838475,1.2715819966577477,-139.09430820589355,-139.1355650700788,148.2978380250133,60.37578033457307,55.6742989804506,0.4052603196263579,void_in_cloud_or_compensated,False
18986.0,52,0.04139,5.57,123.03280793238211,0.8,256,1.3017122738154456,1.4899528004131761,1.4863701882817433,2.1678399622475375,-90.62529425021052,-90.6158407818339,30.09749305173789,63.97695000438661,21.83626117643758,0.7345879604671085,void_in_cloud_or_compensated,False
18986.0,52,0.04139,5.57,123.03280793238211,1.0,256,1.3017122738154456,1.5386662177842199,1.5587201868618796,2.421826949593725,-116.8868423748104,-116.87568062637384,46.6965919132044,71.36726175818923,31.49080677484187,0.7345879604671085,void_in_cloud_or_compensated,False
18986.0,52,0.04139,5.57,123.03280793238211,1.25,256,1.3017122738154456,1.5469771324236847,1.5475052654039194,2.5712303179086713,-149.91019386945118,-149.89736222053142,70.90091887724869,76.36268313312507,43.089883638035076,0.7345879604671085,void_in_cloud_or_compensated,False
18986.0,52,0.04139,5.57,123.03280793238211,1.5507603954646239,256,1.3017122738154456,1.457098988855659,1.4282961117981587,2.676448980785671,-186.0162931065752,-186.00217739567938,102.4333239325936,79.27361488966693,53.626521310292645,0.7345879604671085,void_in_cloud_or_compensated,False
18986.0,52,0.04139,5.57,123.03280793238211,2.0,256,1.3017122738154456,1.1461895008130274,1.0575806012509839,2.3555432496531505,-222.3352238517789,-222.32084218470277,147.0268910020964,84.40072176855013,59.2234342250882,0.7345879604671085,void_in_cloud_or_compensated,False
18986.0,52,0.04139,5.57,123.03280793238211,2.5,256,1.3017122738154456,0.7345879604671085,0.47036616131204617,1.7578162348208828,-231.4597372397766,-231.44867397053414,184.24525488130624,87.93932113545318,57.29992571409364,0.7345879604671085,void_in_cloud_or_compensated,False
11795.0,53,0.03681,6.59,109.52301758011718,0.8,256,1.9341805813011805,1.3213616007112858,0.9606392422346735,2.7137192983763154,-117.0371859785042,-117.03376684080914,97.78630406299314,56.64846350605914,16.70809377321087,0.42140669123059027,void_in_cloud_or_compensated,False
11795.0,53,0.03681,6.59,109.52301758011718,1.0,256,1.9341805813011805,1.0587164668050382,0.7037829144161534,2.326278160458023,-129.05429910848196,-129.04809822744,129.28408901708568,67.34540852503869,22.704112525720358,0.42140669123059027,void_in_cloud_or_compensated,False
11795.0,53,0.03681,6.59,109.52301758011718,1.25,256,1.9341805813011805,0.7654257024453051,0.5483975179749122,1.7160962749893531,-133.96269652762464,-133.95337185636532,158.20430382399198,80.16952686922765,31.586829284998068,0.42140669123059027,void_in_cloud_or_compensated,False
11795.0,53,0.03681,6.59,109.52301758011718,1.5507603954646239,256,1.9341805813011805,0.525677338063056,0.41437603051938104,1.18741890796916,-130.44762141610093,-130.43615283973708,175.42608452320874,91.61630030513986,43.9888459632255,0.42140669123059027,void_in_cloud_or_compensated,False
11795.0,53,0.03681,6.59,109.52301758011718,2.0,256,1.9341805813011805,0.4076711625610219,0.2360551178112371,1.0398062354241018,-122.78196099010292,-122.7696569954222,177.25873619273258,95.30124542896048,56.095330307860365,0.42140669123059027,void_in_cloud_or_compensated,False
11795.0,53,0.03681,6.59,109.52301758011718,2.5,256,1.9341805813011805,0.42140669123059027,0.1287023838318505,1.1508220809069227,-126.09888565418433,-126.08494067031779,171.99652835700138,82.17573119205105,45.22604213603974,0.42140669123059027,void_in_cloud_or_compensated,False
15264.0,54,0.043,8.21,127.7756522223135,0.8,256,0.20994461083308782,0.25149419698065956,0.00569497165981353,1.3037687556676085,-23.834832515785642,-23.809904656435243,77.26932119070264,57.081209591803415,25.46540408838002,0.284414532538147,void_in_cloud_or_compensated,False
15264.0,54,0.043,8.21,127.7756522223135,1.0,256,0.20994461083308782,0.21003262278256446,-0.07058300734223949,1.289789488844855,-28.48253712500755,-28.45029714353749,105.43011702082146,73.3312260508809,35.00497517629586,0.284414532538147,void_in_cloud_or_compensated,False
15264.0,54,0.043,8.21,127.7756522223135,1.25,256,0.20994461083308782,0.1360671547735663,-0.08029866948056227,1.002822199725994,-30.37193252902045,-30.332046663760636,134.52233554486156,91.53910409548612,45.76155317631942,0.284414532538147,void_in_cloud_or_compensated,False
15264.0,54,0.043,8.21,127.7756522223135,1.5507603954646239,256,0.20994461083308782,0.08963378972150579,-0.00415590507995042,0.7176000433631698,-28.771861732371363,-28.7253654643633,157.18448017076577,106.92855677702197,57.46881847735032,0.284414532538147,void_in_cloud_or_compensated,False
15264.0,54,0.043,8.21,127.7756522223135,2.0,256,0.20994461083308782,0.14752978860749194,-0.022807125577186192,0.8411905562310649,-31.115622570237186,-31.063050348550643,172.4121017560187,119.11149614951668,75.96595667450052,0.284414532538147,void_in_cloud_or_compensated,False
15264.0,54,0.043,8.21,127.7756522223135,2.5,256,0.20994461083308782,0.284414532538147,0.050662583170108216,1.1730142892551987,-50.967062248451555,-50.90822763748801,182.89015832525004,134.9812892282252,93.64468472381596,0.284414532538147,void_in_cloud_or_compensated,False
19482.0,55,0.0436,5.16,129.54234162824312,0.8,256,0.30577545621102853,0.33071538591150607,0.14461800495427912,1.1515511588655303,-18.998614541351692,-18.998240703614947,36.63630293004475,26.36625430356409,7.280222819162847,0.09010338077147169,void_in_cloud_or_compensated,True
19482.0,55,0.0436,5.16,129.54234162824312,1.0,256,0.30577545621102853,0.33008562921145723,0.06594255126119167,1.2529263478707493,-24.075757929968233,-24.07295874226962,54.34966730590645,29.57477181822312,10.23199065904112,0.09010338077147169,void_in_cloud_or_compensated,True
19482.0,55,0.0436,5.16,129.54234162824312,1.25,256,0.30577545621102853,0.3168968792565444,0.03575055951137325,1.2443197364409904,-29.926840116095626,-29.920175500645705,78.1039351408811,32.62422183440298,13.961523407652193,0.09010338077147169,void_in_cloud_or_compensated,True
19482.0,55,0.0436,5.16,129.54234162824312,1.5507603954646239,256,0.30577545621102853,0.2808675095579285,0.0343574211992331,1.1515664857951253,-35.717842176757046,-35.70614728039175,106.12779570487308,36.44907650696552,18.269390198919154,0.09010338077147169,void_in_cloud_or_compensated,False
19482.0,55,0.0436,5.16,129.54234162824312,2.0,256,0.30577545621102853,0.19316140196865966,-0.021645976478030744,0.8852427681190778,-39.93495677622138,-39.91754812645618,140.85718729088384,43.21550866019329,25.843260880660427,0.09010338077147169,void_in_cloud_or_compensated,False
19482.0,55,0.0436,5.16,129.54234162824312,2.5,256,0.30577545621102853,0.09010338077147169,-0.08949732934654654,0.7773022542972804,-37.79441094380313,-37.77523965230497,166.54858260741983,45.837034031444574,34.99717943951565,0.09010338077147169,void_in_cloud_or_compensated,False
13394.0,56,0.04357,6.13,129.45401786921164,0.8,256,0.4993078515523175,0.5201059725251337,0.41383003067551394,1.2651480044390913,-36.2025735072259,-36.18595738902417,36.989833801348,76.33825920237284,12.260410190880329,0.2273778291216334,void_in_cloud_or_compensated,False
13394.0,56,0.04357,6.13,129.45401786921164,1.0,256,0.4993078515523175,0.4968279891012438,0.3801854714622883,1.2696481102482395,-44.88116938419306,-44.85867588010682,51.688065410238636,88.96000506533802,18.02168923134405,0.2273778291216334,void_in_cloud_or_compensated,False
13394.0,56,0.04357,6.13,129.45401786921164,1.25,256,0.4993078515523175,0.4443835203394739,0.314056812198881,1.2953538937868,-53.82507045672192,-53.795436579106685,67.42231429887498,100.72241071669093,25.982715910314187,0.2273778291216334,void_in_cloud_or_compensated,False
13394.0,56,0.04357,6.13,129.45401786921164,1.5507603954646239,256,0.4993078515523175,0.3613563058794182,0.23242327699884957,1.110610337497931,-60.76222836566952,-60.72540486751382,79.46600662927433,109.51710010449065,36.2496879348541,0.2273778291216334,void_in_cloud_or_compensated,False
13394.0,56,0.04357,6.13,129.45401786921164,2.0,256,0.4993078515523175,0.27805026168307545,0.047242362364405405,1.0525758261123586,-65.3201720724814,-65.27641776662107,81.71462209788653,114.75178112014821,52.0641744479233,0.2273778291216334,void_in_cloud_or_compensated,False
13394.0,56,0.04357,6.13,129.45401786921164,2.5,256,0.4993078515523175,0.2273778291216334,0.0,1.0641129000061822,-68.492607951256,-68.44589004106071,72.61389566401883,114.67461463727547,73.07028283151477,0.2273778291216334,void_in_cloud_or_compensated,False
12873.0,57,0.03105,6.64,92.49540157650823,0.8,256,-0.08014925478422372,0.15693682298463535,0.14261147073482827,0.4249635740007749,-5.320859792401746,-5.332684481677574,8.700901073604042,41.6179011372312,17.964013804781285,0.49761631476711593,void_in_cloud_or_compensated,False
12873.0,57,0.03105,6.64,92.49540157650823,1.0,256,-0.08014925478422372,0.2518455757561815,0.23175071389591329,0.6248335207115556,-13.016228563587346,-13.027532945893864,14.73408196999388,47.5236169649574,26.33695261520558,0.49761631476711593,void_in_cloud_or_compensated,False
12873.0,57,0.03105,6.64,92.49540157650823,1.25,256,-0.08014925478422372,0.36143353046429616,0.3328499832876032,0.860784843713517,-26.353431263314747,-26.36102646790678,26.631728795766023,52.843400727080926,37.59140756025285,0.49761631476711593,void_in_cloud_or_compensated,False
12873.0,57,0.03105,6.64,92.49540157650823,1.5507603954646239,256,-0.08014925478422372,0.46668945931704126,0.3732415598208685,1.04646047629268,-46.612842443118524,-46.61153929653797,49.32059048100033,57.33989571977352,50.726595281268054,0.49761631476711593,void_in_cloud_or_compensated,False
12873.0,57,0.03105,6.64,92.49540157650823,2.0,256,-0.08014925478422372,0.5500222094410292,0.33329265641080996,1.274514770153381,-80.64916832716199,-80.6300683866808,97.75773442565949,64.46396209273489,65.52909602559474,0.49761631476711593,void_in_cloud_or_compensated,False
12873.0,57,0.03105,6.64,92.49540157650823,2.5,256,-0.08014925478422372,0.49761631476711593,0.2281939914703659,1.3121510886995282,-113.47796069187235,-113.4443828368786,152.42609581016606,77.11512005197234,73.60521050959704,0.49761631476711593,void_in_cloud_or_compensated,False
18137.0,58,0.03572,9.73,106.30394779255377,0.8,256,-0.6522875815648264,-0.45230827120003314,-0.5160494424031368,-0.19288068799060593,58.09460282215952,58.097027018408745,15.1585366688747,33.65958370903435,18.985596174460728,0.140745613926028,void_in_cloud_or_compensated,True
18137.0,58,0.03572,9.73,106.30394779255377,1.0,256,-0.6522875815648264,-0.380971984922635,-0.4695336031629486,-0.016143647346230812,65.25770258427997,65.26031526634662,21.558614908280404,32.16198306374303,29.054385051815053,0.140745613926028,void_in_cloud_or_compensated,True
18137.0,58,0.03572,9.73,106.30394779255377,1.25,256,-0.6522875815648264,-0.30429240593032886,-0.4197222595272009,0.1866071873690115,70.41663767084437,70.41949611335913,30.081463394342098,26.696978310869472,42.17126724860672,0.140745613926028,void_in_cloud_or_compensated,True
18137.0,58,0.03572,9.73,106.30394779255377,1.5507603954646239,256,-0.6522875815648264,-0.23518004976757284,-0.3760763112588229,0.2619901635793575,73.05917991051496,73.0616500179352,40.83287701459962,21.232498331737236,55.70390498666145,0.140745613926028,void_in_cloud_or_compensated,True
18137.0,58,0.03572,9.73,106.30394779255377,2.0,256,-0.6522875815648264,-0.08794063108456175,-0.33477852580629147,0.5096954561388649,68.42239930269382,68.42089572318778,51.498906144227725,32.54720871183711,66.96883511187956,0.140745613926028,void_in_cloud_or_compensated,True
18137.0,58,0.03572,9.73,106.30394779255377,2.5,256,-0.6522875815648264,0.140745613926028,-0.12643878047914348,0.908507241486847,37.38012145407223,37.37075470046445,53.02810680138221,61.51599929473218,64.12224907481651,0.140745613926028,void_in_cloud_or_compensated,False
12267.0,59,0.03255,5.41,96.93365320746253,0.8,256,4.458232836196717,4.421529473619986,4.1260066119082985,5.88352094640705,-275.2172800660794,-275.17235386880947,75.41094556176434,80.80179853236291,32.121410122773256,1.7952755582448938,void_in_cloud_or_compensated,False
12267.0,59,0.03255,5.41,96.93365320746253,1.0,256,4.458232836196717,4.325999476182531,3.878306784643805,5.88039949674312,-341.00195542254613,-340.9432046611721,113.53871770072806,86.4761384345532,40.81109217763489,1.7952755582448938,void_in_cloud_or_compensated,False
12267.0,59,0.03255,5.41,96.93365320746253,1.25,256,4.458232836196717,4.106927393246604,3.4739649132175274,5.6946941303301175,-417.0478576744649,-416.9732316610424,165.39926234931283,84.88551528005075,46.2130813072749,1.7952755582448938,void_in_cloud_or_compensated,False
12267.0,59,0.03255,5.41,96.93365320746253,1.5507603954646239,256,4.458232836196717,3.6774982669609497,3.1293081502842126,5.0801719534657614,-492.88676081150174,-492.7967293017494,227.76679671782694,75.50634656679095,46.71712409145546,1.7952755582448938,void_in_cloud_or_compensated,False
12267.0,59,0.03255,5.41,96.93365320746253,2.0,256,4.458232836196717,2.777333839654765,2.4302589587232104,3.694298777526582,-560.9391722467781,-560.8345725440338,302.91628290113357,71.13544140243057,56.794358306962806,1.7952755582448938,void_in_cloud_or_compensated,False
12267.0,59,0.03255,5.41,96.93365320746253,2.5,256,4.458232836196717,1.7952755582448938,1.4939430347996612,2.422186198341543,-569.451010635524,-569.3406968040246,338.016499731677,92.75591578909493,85.73718760042952,1.7952755582448938,void_in_cloud_or_compensated,False
13972.0,60,0.02726,6.66,81.26896904531534,0.8,256,1.7035366935406728,1.1923661740544138,1.1954935541438123,1.6258301638485528,-104.7625942723817,-104.75243475449305,28.329324288854558,36.93123304805933,16.782680681745997,0.08267856631859602,void_in_cloud_or_compensated,False
13972.0,60,0.02726,6.66,81.26896904531534,1.0,256,1.7035366935406728,0.9956761342042137,0.9826494481043444,1.4943669413452036,-117.42973379200149,-117.41809086549627,39.49784836034656,41.948081345750964,23.395169359343278,0.08267856631859602,void_in_cloud_or_compensated,False
13972.0,60,0.02726,6.66,81.26896904531534,1.25,256,1.7035366935406728,0.7734507505334293,0.7359619436443201,1.274442421488837,-125.8283256784871,-125.81506320067312,51.85159406990531,47.39727919452369,30.86122350621336,0.08267856631859602,void_in_cloud_or_compensated,False
13972.0,60,0.02726,6.66,81.26896904531534,1.5507603954646239,256,1.7035366935406728,0.5571491381674831,0.45917591602765384,1.1703112649363756,-127.59131223792556,-127.57624881429689,62.40803090261589,54.49450742827735,38.024583965119035,0.08267856631859602,void_in_cloud_or_compensated,False
13972.0,60,0.02726,6.66,81.26896904531534,2.0,256,1.7035366935406728,0.3110643693361336,0.1637165495575977,1.0169563556699146,-119.27286362256832,-119.25539966832501,70.96685444940562,72.63502385379802,46.03265649246603,0.08267856631859602,void_in_cloud_or_compensated,False
13972.0,60,0.02726,6.66,81.26896904531534,2.5,256,1.7035366935406728,0.08267856631859602,-0.04817077480621412,0.6601463762951331,-97.71543033736152,-97.69632718285386,77.72445666908777,101.50517654391558,56.848821809774044,0.08267856631859602,void_in_cloud_or_compensated,False
15208.0,61,0.0455,5.5,135.13388150519498,0.8,256,0.9159404591620796,0.7793115283140457,0.7131477456075901,1.4774949297668811,-52.64762128400819,-52.64039611010999,34.638450816560045,51.805825673960726,12.50411891891255,0.15515029792993792,void_in_cloud_or_compensated,False
15208.0,61,0.0455,5.5,135.13388150519498,1.0,256,0.9159404591620796,0.6958250843892693,0.6339481039070594,1.4694794051940916,-61.853929000938656,-61.84521244700718,50.44697302985736,62.47018432825951,17.404095523984935,0.15515029792993792,void_in_cloud_or_compensated,False
15208.0,61,0.0455,5.5,135.13388150519498,1.25,256,0.9159404591620796,0.5784468516871238,0.41426928584944184,1.3460562156501865,-69.86672781463723,-69.85620967957341,70.0823699844101,73.91394084202491,23.143925179224027,0.15515029792993792,void_in_cloud_or_compensated,False
15208.0,61,0.0455,5.5,135.13388150519498,1.5507603954646239,256,0.9159404591620796,0.43959473570511776,0.1920301450445952,1.1372232994669504,-74.58924662182686,-74.57714255682521,89.85174306947222,84.57908745986515,29.208233855431633,0.15515029792993792,void_in_cloud_or_compensated,False
15208.0,61,0.0455,5.5,135.13388150519498,2.0,256,0.9159404591620796,0.26224444395253815,0.0,0.903551501753709,-73.25447864737633,-73.24098137569932,107.33362229777873,93.45921628275784,38.77142853763143,0.15515029792993792,void_in_cloud_or_compensated,False
15208.0,61,0.0455,5.5,135.13388150519498,2.5,256,0.9159404591620796,0.15515029792993792,0.0,0.7120469714742691,-65.30406598942791,-65.2897566902548,111.62603801017491,94.43689110790149,50.41530803561807,0.15515029792993792,void_in_cloud_or_compensated,False
13511.0,62,0.0463,5.46,137.48685957789226,0.8,256,-0.4373261965344301,-0.3665481204011272,-0.37690824690632563,-0.2412253374596967,24.48852350863519,24.483200743798562,3.4941742133321636,27.464659667381603,6.9296127130283836,-0.17675051929692556,void_in_void,True
13511.0,62,0.0463,5.46,137.48685957789226,1.0,256,-0.4373261965344301,-0.336842065885806,-0.3671826097623648,-0.1621968706398316,29.026215923051957,29.018818723032986,5.1867968957549255,33.25837232470417,10.33324621661165,-0.17675051929692556,void_in_void,True
13511.0,62,0.0463,5.46,137.48685957789226,1.25,256,-0.4373261965344301,-0.30069359603240237,-0.3612133463084548,-0.06562016050522007,33.66771256359355,33.657286136031715,7.504151439814413,39.980278056244416,15.101581900578353,-0.17675051929692556,void_in_void,False
13511.0,62,0.0463,5.46,137.48685957789226,1.5507603954646239,256,-0.4373261965344301,-0.26261437628285567,-0.35544506326128733,0.02322888756128449,38.0277928312139,38.013314277880326,10.093675946821103,47.59591564934244,21.217015676552812,-0.17675051929692556,void_in_void,False
13511.0,62,0.0463,5.46,137.48685957789226,2.0,256,-0.4373261965344301,-0.21791754758406587,-0.3513593574920596,0.19833416600631157,42.655073501151584,42.63477958708463,12.19395925441202,57.78581711113412,30.48807453078895,-0.17675051929692556,void_in_void,False
13511.0,62,0.0463,5.46,137.48685957789226,2.5,256,-0.4373261965344301,-0.17675051929692556,-0.3453843069841378,0.3118598084731329,45.87359645397622,45.848851489903794,12.191903647534714,66.39632889138285,39.909372680281216,-0.17675051929692556,void_in_void,False
18177.0,63,0.03708,13.71,110.32017285429134,0.8,256,0.187974421104379,0.6187082862453699,0.280958681020984,2.1287027855752894,-91.20455603480768,-91.21680374408224,178.60690828893073,88.3021413358846,30.50890928872919,0.03079004466437278,void_in_cloud_or_compensated,False
18177.0,63,0.03708,13.71,110.32017285429134,1.0,256,0.187974421104379,0.5009932983284089,0.13258473660906983,1.7150712108019948,-111.92274680878425,-111.92749555335003,231.19650563315957,85.93537478642062,39.48438269329878,0.03079004466437278,void_in_cloud_or_compensated,False
18177.0,63,0.03708,13.71,110.32017285429134,1.25,256,0.187974421104379,0.34031747482415536,-0.007903298148108119,1.1542792371843758,-120.91543822913631,-120.90320773961038,278.0201704314474,73.65810460976334,47.72865757565078,0.03079004466437278,void_in_cloud_or_compensated,False
18177.0,63,0.03708,13.71,110.32017285429134,1.5507603954646239,256,0.187974421104379,0.19145003191316962,-0.1433144832012404,1.0362566288800845,-115.72082616992944,-115.68760659563935,318.85503683383644,76.83814539545854,62.64636141500616,0.03079004466437278,void_in_cloud_or_compensated,False
18177.0,63,0.03708,13.71,110.32017285429134,2.0,256,0.187974421104379,0.0539776009730856,-0.13979446154978192,0.7809733132232116,-92.23943883670553,-92.2000884125413,346.7149094512766,82.07063848576985,68.82259601324306,0.03079004466437278,void_in_cloud_or_compensated,False
18177.0,63,0.03708,13.71,110.32017285429134,2.5,256,0.187974421104379,0.03079004466437278,-0.2007294738858054,0.5681563368735164,-64.91881589585452,-64.89737422207675,333.17136180151374,68.70203986027339,79.31613916887655,0.03079004466437278,void_in_cloud_or_compensated,False
17570.0,64,0.04424,5.09,131.42631315390716,0.8,256,0.5355826596972388,0.42539540976028023,0.2435573195967825,0.98982750287659,-27.074222376819456,-27.05876628932831,24.59566933306192,35.81672828084726,9.717138215662741,0.11817904522310826,void_in_cloud_or_compensated,False
17570.0,64,0.04424,5.09,131.42631315390716,1.0,256,0.5355826596972388,0.38020437389018946,0.11995128577767843,1.0203910016390187,-31.51796676725337,-31.49744814742129,36.61609789230284,40.18921816939269,13.520635151792371,0.11817904522310826,void_in_cloud_or_compensated,False
17570.0,64,0.04424,5.09,131.42631315390716,1.25,256,0.5355826596972388,0.32795467101972786,0.020877826981624166,1.0329650710640057,-35.77088885420299,-35.74415918953535,53.01781273129092,42.941476693850994,17.727382780072695,0.11817904522310826,void_in_cloud_or_compensated,False
17570.0,64,0.04424,5.09,131.42631315390716,1.5507603954646239,256,0.5355826596972388,0.2736615167855508,-0.017133209622799773,0.9846968211994849,-39.225579580139666,-39.19217293057264,73.21993852946729,43.517918156740386,21.710591649646602,0.11817904522310826,void_in_cloud_or_compensated,False
17570.0,64,0.04424,5.09,131.42631315390716,2.0,256,0.5355826596972388,0.20360265467102717,-0.05197276348606934,0.8864496096326089,-41.90514457302096,-41.864633494058054,101.5631865121606,43.11855458675926,26.04000513594357,0.11817904522310826,void_in_cloud_or_compensated,False
17570.0,64,0.04424,5.09,131.42631315390716,2.5,256,0.5355826596972388,0.11817904522310826,-0.11845869365589581,0.7925716001406755,-40.9172097683324,-40.87404753575967,129.15889178942533,42.53068211506068,29.309924326268895,0.11817904522310826,void_in_cloud_or_compensated,False
19807.0,65,0.00592,8.47,17.726395805822442,0.8,256,2.3348801926266085,1.9716984243870808,1.2237698494749676,3.8060662510589207,-208.60430411373235,-208.61364227110005,171.92933384318107,101.52848646832273,32.6901739533185,-0.012208015611131084,void_in_void,False
19807.0,65,0.00592,8.47,17.726395805822442,1.0,256,2.3348801926266085,1.6676863107698188,0.9578199906085494,3.1769673852013915,-240.5487652041249,-240.54908345553653,229.0730069344323,109.89685994894896,32.55274380573401,-0.012208015611131084,void_in_void,False
19807.0,65,0.00592,8.47,17.726395805822442,1.25,256,2.3348801926266085,1.2307071730657426,0.7725299935630173,2.4067656783995317,-259.76074583987867,-259.7521530243969,280.0792616237966,117.43062423932302,28.145583254941343,-0.012208015611131084,void_in_void,False
19807.0,65,0.00592,8.47,17.726395805822442,1.5507603954646239,256,2.3348801926266085,0.7460727571933221,0.4880415706560134,1.6983543422676473,-254.85268687763258,-254.8410482813589,307.91220806692735,118.346589554994,34.1263477308085,-0.012208015611131084,void_in_void,False
19807.0,65,0.00592,8.47,17.726395805822442,2.0,256,2.3348801926266085,0.24638004448960563,0.06411070350179984,1.1141916296272125,-211.65410787363624,-211.644580907189,312.1988466453384,112.45585074739314,58.845858707526105,-0.012208015611131084,void_in_void,False
19807.0,65,0.00592,8.47,17.726395805822442,2.5,256,2.3348801926266085,-0.012208015611131084,-0.2362607278754703,0.6820285859523613,-148.00734771373757,-147.99133588834445,310.33690286869535,112.5999417163046,81.2469495571548,-0.012208015611131084,void_in_void,False
17569.0,66,0.04433,6.27,131.69120547834098,0.8,256,0.4339479137412128,0.3323553987231083,0.1815699828173839,0.7612811103263067,-26.26373649099649,-26.25811628996083,22.654706583196262,38.18669525357653,12.712344822867044,0.08775218140753133,void_in_cloud_or_compensated,False
17569.0,66,0.04433,6.27,131.69120547834098,1.0,256,0.4339479137412128,0.29196234964987,0.09562541981203287,0.7909584942190033,-30.367996146836877,-30.364992000474512,33.698267294970215,39.60997511982344,18.448699254123603,0.08775218140753133,void_in_cloud_or_compensated,False
17569.0,66,0.04433,6.27,131.69120547834098,1.25,256,0.4339479137412128,0.23660639885193632,-0.006314750356152496,0.7644202212038126,-33.78232577698956,-33.7845734296498,48.769677458496325,39.95397369631134,26.99654178595405,0.08775218140753133,void_in_cloud_or_compensated,False
17569.0,66,0.04433,6.27,131.69120547834098,1.5507603954646239,256,0.4339479137412128,0.1654268515082743,-0.0925079072540558,0.7376272744059411,-35.05752837984493,-35.06733133728028,66.2868357903323,44.35690193291143,39.22402995917303,0.08775218140753133,void_in_cloud_or_compensated,False
17569.0,66,0.04433,6.27,131.69120547834098,2.0,256,0.4339479137412128,0.08088341188354872,-0.14256412201384272,0.7273294604344612,-32.00845287642066,-32.02800332512692,86.40966516696096,60.12224415088356,56.78778801854761,0.08775218140753133,void_in_cloud_or_compensated,False
17569.0,66,0.04433,6.27,131.69120547834098,2.5,256,0.4339479137412128,0.08775218140753133,-0.07668941929275061,0.6808912828154858,-28.401597202272722,-28.426716388971847,100.34398030116199,76.25794571856376,66.25717656260404,0.08775218140753133,void_in_cloud_or_compensated,False
11333.0,67,0.03596,9.16,107.012860983286,0.8,256,-0.21488289483521422,0.11447688038992035,-0.02376910102351621,0.8762572618282681,-1.850282887647362,-1.8314844428008037,65.24782400953097,29.60719794569225,24.112598131653602,0.1062801565803545,void_in_cloud_or_compensated,True
11333.0,67,0.03596,9.16,107.012860983286,1.0,256,-0.21488289483521422,0.16852595731321357,0.034629319009632606,0.9585969918430131,-10.59209680118405,-10.571898449332634,90.15285408239184,34.644243280295406,33.129035669125976,0.1062801565803545,void_in_cloud_or_compensated,True
11333.0,67,0.03596,9.16,107.012860983286,1.25,256,-0.21488289483521422,0.18140275420490698,0.038694886713551244,0.9298906817622399,-21.135920507089757,-21.114954700914215,116.02420830456258,44.324150099322274,40.72362657770909,0.1062801565803545,void_in_cloud_or_compensated,False
11333.0,67,0.03596,9.16,107.012860983286,1.5507603954646239,256,-0.21488289483521422,0.16075072646441962,0.004015457527072813,0.7863258589277202,-30.315474863603978,-30.293070871433354,138.8363715385097,57.4113719592146,42.24922062125572,0.1062801565803545,void_in_cloud_or_compensated,False
11333.0,67,0.03596,9.16,107.012860983286,2.0,256,-0.21488289483521422,0.1440717001490525,-0.09337522882489241,0.7448112452035575,-39.19056901973701,-39.16439788536608,164.69958392365686,75.49075577662914,45.293129829575605,0.1062801565803545,void_in_cloud_or_compensated,False
11333.0,67,0.03596,9.16,107.012860983286,2.5,256,-0.21488289483521422,0.1062801565803545,-0.11828110417218285,0.8198594667170712,-45.87715795415871,-45.8507001876911,177.82622245160266,88.12105773624143,56.731488604464886,0.1062801565803545,void_in_cloud_or_compensated,False
20762.0,68,0.03388,5.89,100.86656217210175,0.8,256,0.8201341737720241,0.79237845742879,0.7098902546223833,1.2296535377124436,-53.65096917235499,-53.66227297612648,22.22842510144693,38.93752631576811,21.793998279861217,0.549989485807181,void_in_cloud_or_compensated,False
20762.0,68,0.03388,5.89,100.86656217210175,1.0,256,0.8201341737720241,0.7972127890417366,0.655121122600479,1.3550228429257252,-66.89320878234152,-66.9058004711394,33.33141551154436,44.67006440373135,30.197949086045902,0.549989485807181,void_in_cloud_or_compensated,False
20762.0,68,0.03388,5.89,100.86656217210175,1.25,256,0.8201341737720241,0.8139149512885195,0.5932682195302279,1.5676257235149371,-84.11430048813027,-84.12686943881099,49.588971779353,48.665344576107664,38.73989558684297,0.549989485807181,void_in_cloud_or_compensated,False
20762.0,68,0.03388,5.89,100.86656217210175,1.5507603954646239,256,0.8201341737720241,0.8268246657645524,0.4846965138941559,1.6693187349484717,-105.81135336048305,-105.82164794174518,71.63179253694435,51.53139624434366,44.20679905129071,0.549989485807181,void_in_cloud_or_compensated,False
20762.0,68,0.03388,5.89,100.86656217210175,2.0,256,0.8201341737720241,0.7590352352931655,0.41059117949642077,1.7705004407947287,-135.49630092728313,-135.50097349053777,103.84223655429045,65.16627716606521,45.2209520842075,0.549989485807181,void_in_cloud_or_compensated,False
20762.0,68,0.03388,5.89,100.86656217210175,2.5,256,0.8201341737720241,0.549989485807181,0.298028368265745,1.1412645328204705,-153.76970276172966,-153.77014858610994,128.82003664005603,91.68090079939347,50.17260557003824,0.549989485807181,void_in_cloud_or_compensated,False
20763.0,69,0.03347,5.68,99.65439637722295,0.8,256,0.9786645461707502,1.0147339095609853,0.9528133109758845,1.6195031888995741,-64.86692199458906,-64.85623640840787,32.11621205730948,13.89193994453569,23.544776699200384,0.6398241233698347,void_in_cloud_or_compensated,True
20763.0,69,0.03347,5.68,99.65439637722295,1.0,256,0.9786645461707502,1.0325255589616054,0.9002608247335755,1.7821331709254957,-82.05884268793949,-82.04340083117144,49.38894182823273,15.974321557231976,32.80849622278034,0.6398241233698347,void_in_cloud_or_compensated,True
20763.0,69,0.03347,5.68,99.65439637722295,1.25,256,0.9786645461707502,1.0507803777501354,0.8463003016374495,1.99003973012562,-104.12277069323774,-104.10143775257713,74.25985195551968,20.858417400484175,42.68380186431984,0.6398241233698347,void_in_cloud_or_compensated,True
20763.0,69,0.03347,5.68,99.65439637722295,1.5507603954646239,256,0.9786645461707502,1.0452560520610765,0.771656230454751,1.972850260944402,-130.6223222208076,-130.5952203867757,105.70872788404108,30.07048079712621,48.94304121110639,0.6398241233698347,void_in_cloud_or_compensated,True
20763.0,69,0.03347,5.68,99.65439637722295,2.0,256,0.9786645461707502,0.9283200528199427,0.6564786060144567,1.7333553520986047,-164.67565202999555,-164.6441990265926,145.2877946381594,47.125994414686495,47.951801866534936,0.6398241233698347,void_in_cloud_or_compensated,False
20763.0,69,0.03347,5.68,99.65439637722295,2.5,256,0.9786645461707502,0.6398241233698347,0.3854464431620496,1.2618003837353065,-182.86177909700584,-182.83048334371006,166.99018813248546,66.78894585988215,50.61502477401948,0.6398241233698347,void_in_cloud_or_compensated,False
28038.0,70,0.07125,5.83,210.46519237179606,0.8,256,0.0,0.0,0.0,0.0,0.02739843562230514,0.02629803818620538,0.05764300502926176,2.6900564151201465,0.7095277922312597,-0.055089794650287655,void_in_void,True
28038.0,70,0.07125,5.83,210.46519237179606,1.0,256,0.0,0.0,0.0,0.0,0.03333778564304963,0.031954899778323054,0.05152603256171731,3.373287741401151,1.1241022902665176,-0.055089794650287655,void_in_void,True
28038.0,70,0.07125,5.83,210.46519237179606,1.25,256,0.0,0.0,0.0,0.0,0.043433096102957244,0.04170654588998268,0.052697999168234914,4.208617912756441,1.796544614462779,-0.055089794650287655,void_in_void,True
28038.0,70,0.07125,5.83,210.46519237179606,1.5507603954646239,256,0.0,0.0,0.0,0.0,0.05652124364240976,0.054377805363469534,0.04841787275916481,5.2186407782771305,2.8676945493470183,-0.055089794650287655,void_in_void,True
28038.0,70,0.07125,5.83,210.46519237179606,2.0,256,0.0,-0.01763498880975626,0.0,0.0,0.5375759546767134,0.5350895343632358,0.7466979824495615,5.849961525981461,4.644898416641088,-0.055089794650287655,void_in_void,True
28038.0,70,0.07125,5.83,210.46519237179606,2.5,256,0.0,-0.055089794650287655,0.0,0.0,4.424599259623153,4.423402898036703,6.867643787435402,2.3759689893668003,8.091931371604563,-0.055089794650287655,void_in_void,True
8236.0,71,0.06001,5.86,177.68584724813573,0.8,256,-0.36865355933204813,-0.3709972727749992,-0.42650904871707,-0.17815820168941046,24.6874681230075,24.68687291637781,9.76532396901888,12.217241518836856,3.2564702110799115,-0.45450774226015783,void_in_void,True
8236.0,71,0.06001,5.86,177.68584724813573,1.0,256,-0.36865355933204813,-0.3789666448626375,-0.44924449396227867,-0.15484862161043816,31.114981898293347,31.114635880307105,14.100504382364761,14.523188909634937,4.984919889357169,-0.45450774226015783,void_in_void,True
8236.0,71,0.06001,5.86,177.68584724813573,1.25,256,-0.36865355933204813,-0.3953272464365877,-0.4775410967843937,-0.1852162212954927,39.69594603691969,39.6960413505193,19.33816317178222,17.26817440496445,7.67177104225469,-0.45450774226015783,void_in_void,True
8236.0,71,0.06001,5.86,177.68584724813573,1.5507603954646239,256,-0.36865355933204813,-0.4157535213280165,-0.4901030910441767,-0.2359088246704585,50.93154573874024,50.932246230043134,24.47908809924869,20.74334261399473,11.510766473904784,-0.45450774226015783,void_in_void,True
8236.0,71,0.06001,5.86,177.68584724813573,2.0,256,-0.36865355933204813,-0.44415478256757934,-0.49320486001142305,-0.32483491090823324,69.11083682053682,69.11203346572665,28.79599643431088,26.357543164213386,17.818812328221025,-0.45450774226015783,void_in_void,True
8236.0,71,0.06001,5.86,177.68584724813573,2.5,256,-0.36865355933204813,-0.45450774226015783,-0.5013230906532933,-0.37783299456718533,90.65963728344049,90.66071297934951,28.637015581346493,31.29660547457005,25.295312732427234,-0.45450774226015783,void_in_void,True
43071.0,72,0.07108,8.9,209.97061537060506,0.8,256,0.0,0.0,0.0,0.0,0.05090999657288143,0.04483299406742469,0.06614110404068997,18.033863815927948,3.8506755410517495,-0.06476495957405284,void_in_void,True
43071.0,72,0.07108,8.9,209.97061537060506,1.0,256,0.0,-9.0792738243216e-05,0.0,0.0,0.0508548009102456,0.043257349350217356,0.053345804686254376,22.549357395118275,6.31585074662981,-0.06476495957405284,void_in_void,True
43071.0,72,0.07108,8.9,209.97061537060506,1.25,256,0.0,-0.0025360758891689117,0.0,0.0,0.14540774947095753,0.1358114026025916,0.24630936126054542,28.17890756288199,10.108723852984129,-0.06476495957405284,void_in_void,True
43071.0,72,0.07108,8.9,209.97061537060506,1.5507603954646239,256,0.0,-0.012485754506834774,0.0,0.0,0.6302983664258643,0.6172978817243469,1.9704492381360426,35.459274317400414,12.941669892736055,-0.06476495957405284,void_in_void,True
43071.0,72,0.07108,8.9,209.97061537060506,2.0,254,0.0,-0.059260333776261886,0.0,0.0,5.310494757237808,5.283309533220487,8.64372689165836,46.700676133931985,22.446188010703043,-0.06476495957405284,void_in_void,False
43071.0,72,0.07108,8.9,209.97061537060506,2.5,229,0.0,-0.06476495957405284,0.0,0.0,14.277022740998119,15.680268304343002,20.28728663233677,58.156849198545146,35.0366206782842,-0.06476495957405284,void_in_void,False
5716.0,73,0.0819,8.12,241.3754554519632,0.8,256,0.0,0.0,0.0,0.0,0.03598859259840825,0.036614585980375904,0.0002571061322416155,2.329527995789562,0.3335683516809556,0.0,void_in_cloud_or_compensated,True
5716.0,73,0.0819,8.12,241.3754554519632,1.0,256,0.0,0.0,0.0,0.0,0.04655396759307728,0.04733616737281332,0.0009649718592916196,2.9127262442923163,0.5250786182319258,0.0,void_in_cloud_or_compensated,True
5716.0,73,0.0819,8.12,241.3754554519632,1.25,256,0.0,0.0,0.0,0.0,0.05755822197561843,0.05853642904285798,0.0005129205529120758,3.6410247024363684,0.8251973595311122,0.0,void_in_cloud_or_compensated,True
5716.0,73,0.0819,8.12,241.3754554519632,1.5507603954646239,256,0.0,0.0,0.0,0.0,0.07145464914369881,0.07266806136035432,0.001623023083631356,4.515381147113764,1.281767094383042,0.0,void_in_cloud_or_compensated,True
5716.0,73,0.0819,8.12,241.3754554519632,2.0,256,0.0,0.0,0.0,0.0,0.09339613112203776,0.09496094578821902,0.003076834599088177,5.823601753989304,2.176653254371888,0.0,void_in_cloud_or_compensated,True
5716.0,73,0.0819,8.12,241.3754554519632,2.5,252,0.0,0.0,0.0,0.0,0.08367990415222817,0.217811218860983,0.060478582057689086,7.2984124708151334,3.5150865276501797,0.0,void_in_cloud_or_compensated,True
42225.0,74,0.05831,20.06,172.71417065181308,0.8,256,-0.5546512955923302,-0.3297554224571492,-0.4862866870367188,-0.16226750292142253,91.15057497656957,91.14930243661817,30.179442704345732,30.176995735621144,19.616110852496828,-0.05229034639506331,void_in_void,True
42225.0,74,0.05831,20.06,172.71417065181308,1.0,256,-0.5546512955923302,-0.3191319677740788,-0.4681405161941673,-0.1079296493219121,103.50370180158863,103.49713174270204,51.861376422448544,44.375038031253546,25.288153028850054,-0.05229034639506331,void_in_void,False
42225.0,74,0.05831,20.06,172.71417065181308,1.25,256,-0.5546512955923302,-0.30160551647064915,-0.4282118293698868,-0.034847525616154014,121.43222164460046,121.41911266444805,68.71542376959056,58.32873883092413,29.0264749305092,-0.05229034639506331,void_in_void,False
42225.0,74,0.05831,20.06,172.71417065181308,1.5507603954646239,256,-0.5546512955923302,-0.13539592854927598,-0.2888131837329807,0.2879167461565552,126.50788855212139,126.492763864608,55.029083010877784,66.6303033494638,33.16830442111244,-0.05229034639506331,void_in_void,False
42225.0,74,0.05831,20.06,172.71417065181308,2.0,256,-0.5546512955923302,-0.0792390866874075,-0.09505054150742512,0.2411698321766137,96.99716744891123,96.98691314998655,30.810212024182793,59.97917154175596,56.12124859680512,-0.05229034639506331,void_in_void,False
42225.0,74,0.05831,20.06,172.71417065181308,2.5,232,-0.5546512955923302,-0.05229034639506331,-0.07534695458456833,0.234657191737446,100.6626979326551,87.03173613293512,63.47516684903628,63.89653933082476,65.96167328735338,-0.05229034639506331,void_in_void,False
17606.0,75,0.05721,7.9,169.49525608514182,0.8,256,0.9030881004127764,0.8157384011732575,0.6913101225210472,1.4263575981344898,-77.95534147525625,-77.93398301348924,32.87324207837611,66.0540458144828,22.56837683599908,0.05280182932416547,void_in_cloud_or_compensated,False
17606.0,75,0.05721,7.9,169.49525608514182,1.0,256,0.9030881004127764,0.7395529576378608,0.5490366232555817,1.5290134281904464,-92.5595109884064,-92.53440721247551,46.39140485983541,64.09810572616172,29.362633276718757,0.05280182932416547,void_in_cloud_or_compensated,False
17606.0,75,0.05721,7.9,169.49525608514182,1.25,256,0.9030881004127764,0.6313679968533562,0.411952603610605,1.6506043931280867,-106.14366274391892,-106.11696360435525,65.64996973725644,55.02163628954591,35.22454844195431,0.05280182932416547,void_in_cloud_or_compensated,False
17606.0,75,0.05721,7.9,169.49525608514182,1.5507603954646239,256,0.9030881004127764,0.4949942614598556,0.19368520883369883,1.5257244652394844,-115.51731222102173,-115.49274990010673,92.1699900129387,40.43864638920665,38.91651193550805,0.05280182932416547,void_in_cloud_or_compensated,False
17606.0,75,0.05721,7.9,169.49525608514182,2.0,256,0.9030881004127764,0.27069618458138417,-0.012633527494290857,1.2091660798814676,-114.58482237040268,-114.56644224087009,123.17651239503117,28.903745543786513,39.65231104183276,0.05280182932416547,void_in_cloud_or_compensated,True
17606.0,75,0.05721,7.9,169.49525608514182,2.5,256,0.9030881004127764,0.05280182932416547,-0.16816544705649797,0.6503448869762823,-93.05003507899907,-93.03387856935414,126.19782786929832,29.407832198102756,36.814115617853304,0.05280182932416547,void_in_cloud_or_compensated,True
19031.0,76,0.05315,6.8,157.60130755335067,0.8,256,0.0038503248221545498,0.3135817405093001,0.18202468492909762,0.9652462362062618,-15.901772392950816,-15.903730723897116,39.47680594693418,37.47147429538402,16.520672990104096,0.2750260979425447,void_in_cloud_or_compensated,False
19031.0,76,0.05315,6.8,157.60130755335067,1.0,256,0.0038503248221545498,0.4174431210858033,0.2811150322391388,1.1790171732902734,-27.739291112143405,-27.74212003465536,60.4224056116882,42.52576140128202,22.79500113132512,0.2750260979425447,void_in_cloud_or_compensated,False
19031.0,76,0.05315,6.8,157.60130755335067,1.25,256,0.0038503248221545498,0.5041697801858043,0.3731981063037708,1.3406299980142116,-45.51865673245527,-45.52250212476723,89.21234883784297,48.57635282215365,30.893395516969445,0.2750260979425447,void_in_cloud_or_compensated,False
19031.0,76,0.05315,6.8,157.60130755335067,1.5507603954646239,256,0.0038503248221545498,0.525832359414556,0.40097062363092517,1.3519463067648916,-67.12485422555928,-67.12980709825075,121.73955575715621,55.54572848542479,40.88483975294635,0.2750260979425447,void_in_cloud_or_compensated,False
19031.0,76,0.05315,6.8,157.60130755335067,2.0,256,0.0038503248221545498,0.4329239352956377,0.25573429862507857,1.2027192105816715,-90.49003112393262,-90.49636985934514,153.3723379544424,58.790334211221385,50.27698978382683,0.2750260979425447,void_in_cloud_or_compensated,False
19031.0,76,0.05315,6.8,157.60130755335067,2.5,256,0.0038503248221545498,0.2750260979425447,0.05461676840964913,0.9353968386939444,-98.77556710534753,-98.78294543387426,162.60440543362952,50.03907705378925,44.551267299453016,0.2750260979425447,void_in_cloud_or_compensated,False
38418.0,77,0.05937,5.74,175.81458634278655,0.8,256,-0.5501678940088719,-0.556170762860056,-0.5492409947485861,-0.5387893838412894,36.612934828166324,36.61314736121779,0.9387104522647235,7.909688847616868,1.823599792270886,-0.4690293876872677,void_in_void,True
38418.0,77,0.05937,5.74,175.81458634278655,1.0,256,-0.5501678940088719,-0.5527814362912081,-0.5474245573273023,-0.5350339315380129,45.61184303848857,45.61209937823326,1.1550548048935885,9.753948362697527,2.913952190671597,-0.4690293876872677,void_in_void,True
38418.0,77,0.05937,5.74,175.81458634278655,1.25,256,-0.5501678940088719,-0.5418572445466943,-0.5434161995773373,-0.5240564177795786,56.55294653665027,56.55320366601294,1.336881902664063,12.248553412057602,4.734010592011157,-0.4690293876872677,void_in_void,True
38418.0,77,0.05937,5.74,175.81458634278655,1.5507603954646239,256,-0.5501678940088719,-0.5266734370533528,-0.5375803557239489,-0.5000205517941669,69.0724132325442,69.07278852148501,1.3718150997075027,15.510965017619455,7.382449450697056,-0.4690293876872677,void_in_void,True
38418.0,77,0.05937,5.74,175.81458634278655,2.0,256,-0.5501678940088719,-0.5059506921728629,-0.5307624315231335,-0.45166195714320506,86.69484956927376,86.69522973186784,3.402915775929306,20.835235875879604,12.57429801054859,-0.4690293876872677,void_in_void,True
38418.0,77,0.05937,5.74,175.81458634278655,2.5,256,-0.5501678940088719,-0.4690293876872677,-0.5186258873209052,-0.34798100477734834,104.26119783387536,104.26056211278647,8.525616405557772,26.8258234722485,19.390859733851162,-0.4690293876872677,void_in_void,True
61094.0,78,0.07262,25.15,214.44955712858058,0.8,238,0.0,-0.03609239617855184,0.0,0.0,3.6305244677306128,6.51677340200673,7.406509380584851,19.92001957648402,14.98737917433921,-0.07818402976837391,void_in_void,True
61094.0,78,0.07262,25.15,214.44955712858058,1.0,216,0.0,-0.06182880329597708,0.0,0.0,7.926236273565124,16.776148894834154,17.413353026820264,23.046768845263713,20.386429784363063,-0.07818402976837391,void_in_void,True
61094.0,78,0.07262,25.15,214.44955712858058,1.25,198,0.0,-0.1037718776447241,0.0,0.0,20.900517656553962,33.80816361944577,28.176235002327097,25.363601206782445,30.27665829719952,-0.07818402976837391,void_in_void,True
61094.0,78,0.07262,25.15,214.44955712858058,1.5507603954646239,185,0.0,-0.11822118490355259,0.0,0.0,38.50092507769019,60.61654865394208,46.41835757963497,38.92483180605163,39.60780605721347,-0.07818402976837391,void_in_void,False
61094.0,78,0.07262,25.15,214.44955712858058,2.0,172,0.0,-0.06842815872794222,0.0,0.0,40.50270194482463,74.64725433505183,58.461996483680686,32.27440120855929,35.79688382787756,-0.07818402976837391,void_in_void,True
61094.0,78,0.07262,25.15,214.44955712858058,2.5,163,0.0,-0.07818402976837391,0.0,0.0,42.21625252522348,95.40062828422751,79.93629804961658,38.920757018880295,43.00502693288125,-0.07818402976837391,void_in_void,False
10541.0,80,0.06809,5.35,201.2658647810053,0.8,256,-0.04368340669770873,-0.1580987192620138,-0.0019224758579331667,0.0,8.216875793808526,8.218336528602395,11.426020400198041,9.42957933047823,3.715284616706268,-0.10772167965702115,void_in_void,True
10541.0,80,0.06809,5.35,201.2658647810053,1.0,256,-0.04368340669770873,-0.15941399477680923,0.0,0.0,11.219159391281822,11.221217691023531,15.56481704990135,11.179040676320819,4.9292832716864,-0.10772167965702115,void_in_void,True
10541.0,80,0.06809,5.35,201.2658647810053,1.25,256,-0.04368340669770873,-0.15884435565168625,0.0,0.0,14.60966676920133,14.612318837956582,20.45959050067539,12.59359158189628,6.59153347815024,-0.10772167965702115,void_in_void,True
10541.0,80,0.06809,5.35,201.2658647810053,1.5507603954646239,256,-0.04368340669770873,-0.15070774543788812,0.0,0.0,18.24783285006974,18.25084683122323,25.946148657951568,13.172539365263843,8.434640911799981,-0.10772167965702115,void_in_void,True
10541.0,80,0.06809,5.35,201.2658647810053,2.0,256,-0.04368340669770873,-0.13096259887502068,0.0,0.0,22.528414100475924,22.531235305599967,33.514350060701375,11.515114327928714,10.311457141804649,-0.10772167965702115,void_in_void,True
10541.0,80,0.06809,5.35,201.2658647810053,2.5,256,-0.04368340669770873,-0.10772167965702115,0.0,0.0,25.414217769415547,25.416420587854,41.712137829927904,9.297980509387445,10.21615760207822,-0.10772167965702115,void_in_void,True
20252.0,81,0.07023,6.78,207.4971782984476,0.8,256,0.0,0.0,0.0,0.0,0.030546925936816113,0.031689229545088696,0.04498301430051622,8.99214767897029,1.626997953848909,-0.12062106960831225,void_in_void,True
20252.0,81,0.07023,6.78,207.4971782984476,1.0,256,0.0,-0.0026806326484642984,0.0,0.0,0.06312459192662782,0.06454200198593249,0.06552953464479998,11.199633924817826,2.532636634206362,-0.12062106960831225,void_in_void,True
20252.0,81,0.07023,6.78,207.4971782984476,1.25,256,0.0,-0.03016725815757643,0.0,0.0,0.9883838012599501,0.9903190517213926,1.56375385626685,12.502151612675814,3.2568230126009654,-0.12062106960831225,void_in_void,True
20252.0,81,0.07023,6.78,207.4971782984476,1.5507603954646239,256,0.0,-0.06969247243534037,0.0,0.0,4.412520489496503,4.41563901408319,6.8942278212306745,11.351606002018654,5.673222684841932,-0.12062106960831225,void_in_void,True
20252.0,81,0.07023,6.78,207.4971782984476,2.0,256,0.0,-0.10881857730754063,0.0,0.0,12.274028827407422,12.279392338327215,18.488715436921222,10.098984205175372,10.015171021830652,-0.12062106960831225,void_in_void,True
20252.0,81,0.07023,6.78,207.4971782984476,2.5,256,0.0,-0.12062106960831225,0.0,0.0,21.60656190998645,21.614247750882456,31.948588399900853,13.989026154255537,15.339592842584777,-0.12062106960831225,void_in_void,True
19695.0,82,0.07395,9.72,218.315301267186,0.8,256,0.0,0.0,0.0,0.0,0.04290424250702932,0.04317946345684233,0.009150272344337579,7.775762711900059,0.8971025815555069,-0.050917253366138227,void_in_void,True
19695.0,82,0.07395,9.72,218.315301267186,1.0,256,0.0,0.0,0.0,0.0,0.05502255268484996,0.05536787433805898,0.010202846556867559,9.721899179297758,1.4247267117289224,-0.050917253366138227,void_in_void,True
19695.0,82,0.07395,9.72,218.315301267186,1.25,256,0.0,0.0,0.0,0.0,0.07074022559520463,0.0711706335262238,0.009047803333864726,12.149820232073814,2.2881291700241424,-0.050917253366138227,void_in_void,True
19695.0,82,0.07395,9.72,218.315301267186,1.5507603954646239,256,0.0,0.0,0.0,0.0,0.0794843695387059,0.08001737083141736,0.012178249304880574,15.07860781271741,3.7013757564471814,-0.050917253366138227,void_in_void,True
19695.0,82,0.07395,9.72,218.315301267186,2.0,256,0.0,-0.01323520161615755,0.0,0.0,0.5009539174641624,0.5017032267823004,0.6603307673270223,18.802519720270112,5.9083606226944685,-0.050917253366138227,void_in_void,True
19695.0,82,0.07395,9.72,218.315301267186,2.5,256,0.0,-0.050917253366138227,0.0,0.0,6.515310105783062,6.517228015707239,10.261483663572944,16.817743230308725,10.402740089782744,-0.050917253366138227,void_in_void,True
41024.0,84,0.06651,14.09,196.66143816229405,0.8,256,-0.48072679504696153,-0.13477473886004104,-0.052906108853882285,0.0,38.39240671770042,38.38091006400761,32.75550601064464,34.857481397129426,11.035181524153662,-0.094348670764204,void_in_void,True
41024.0,84,0.06651,14.09,196.66143816229405,1.0,256,-0.48072679504696153,-0.09415269625850446,0.0,0.0045124914441789,35.29479761929827,35.283983547992364,48.91454423437834,37.70594803924098,10.747341459911262,-0.094348670764204,void_in_void,False
41024.0,84,0.06651,14.09,196.66143816229405,1.25,256,-0.48072679504696153,-0.12640975002761834,0.0,0.0,35.681279344858275,35.671067259120036,65.3806002764404,44.25999654938706,21.071893719071074,-0.094348670764204,void_in_void,False
41024.0,84,0.06651,14.09,196.66143816229405,1.5507603954646239,256,-0.48072679504696153,-0.1747657805978425,-0.016215263339570508,0.0,46.818907695882444,46.80544275448928,75.55778960394895,51.21263535324469,34.59051708531208,-0.094348670764204,void_in_void,False
41024.0,84,0.06651,14.09,196.66143816229405,2.0,256,-0.48072679504696153,-0.10243180241521138,0.0,0.0,59.40209657590936,59.375109578047386,89.70649678080011,43.67463378032087,38.18422769708422,-0.094348670764204,void_in_void,False
41024.0,84,0.06651,14.09,196.66143816229405,2.5,256,-0.48072679504696153,-0.094348670764204,0.0,0.0,58.323473623258856,58.2820429609058,118.31734668567819,17.423701204235464,50.05844078276449,-0.094348670764204,void_in_void,True
37739.0,86,0.07586,9.49,223.86291101203415,0.8,256,0.0,0.0,0.0,0.0,0.04141854125777245,0.041916179229110576,0.01845682317344299,6.473128626298935,1.774952702480808,-0.0010043664719260159,void_in_void,True
37739.0,86,0.07586,9.49,223.86291101203415,1.0,256,0.0,0.0,0.0,0.0,0.05469533700640154,0.05531578620563954,0.016504822533836425,8.091287901917033,2.8073533430983324,-0.0010043664719260159,void_in_void,True
37739.0,86,0.07586,9.49,223.86291101203415,1.25,256,0.0,0.0,0.0,0.0,0.06758865760070423,0.06836488934241544,0.015507342106849311,10.112168846723058,4.466001437896835,-0.0010043664719260159,void_in_void,True
37739.0,86,0.07586,9.49,223.86291101203415,1.5507603954646239,256,0.0,0.0,0.0,0.0,0.08343010799503567,0.08439178473712597,0.01405423705665377,12.550066377989275,7.080544072957419,-0.0010043664719260159,void_in_void,True
37739.0,86,0.07586,9.49,223.86291101203415,2.0,256,0.0,0.0,0.0,0.0,0.10829922270060002,0.10953936869164171,0.009177889941534468,16.18262768415138,12.47687280613441,-0.0010043664719260159,void_in_void,True
37739.0,86,0.07586,9.49,223.86291101203415,2.5,239,0.0,-0.0010043664719260159,0.0,0.0,-0.3572404260129299,0.5382220787109854,0.7899335394808902,20.970111037183607,22.017194038463,-0.0010043664719260159,void_in_void,True
7167.0,87,0.07385,8.33,218.0247222471213,0.8,248,0.0,0.0,0.0,0.0,0.0651175964480674,0.03208287099064291,0.003122330747460255,2.50357864235927,0.5467495767279942,-0.028250203075618492,void_in_void,True
7167.0,87,0.07385,8.33,218.0247222471213,1.0,225,0.0,0.0,0.0,0.0,0.3029189231203248,0.06316899578770871,0.3055436069837088,3.189388066156728,0.8698823119113608,-0.028250203075618492,void_in_void,True
7167.0,87,0.07385,8.33,218.0247222471213,1.25,206,0.0,0.0,0.0,0.0,0.9006928343609073,0.05971219629124281,1.0226494079188728,4.106255855580581,1.470666239538061,-0.028250203075618492,void_in_void,True
7167.0,87,0.07385,8.33,218.0247222471213,1.5507603954646239,192,0.0,0.0,0.0,0.0,2.1106281511770115,-0.010657852539685653,2.4275100984932094,5.507778589143303,2.647358601048833,-0.028250203075618492,void_in_void,True
7167.0,87,0.07385,8.33,218.0247222471213,2.0,176,0.0,-1.997577433621307e-05,0.0,0.0,5.775075397135085,0.09070405450223085,6.616858756504918,8.62759648870858,6.105534088663063,-0.028250203075618492,void_in_void,True
7167.0,87,0.07385,8.33,218.0247222471213,2.5,168,0.0,-0.028250203075618492,0.0,0.0,14.60301491481545,2.0664443682419833,13.356109107163093,18.58030499394183,11.820114134517357,-0.028250203075618492,void_in_void,True
23618.0,89,0.06378,12.85,188.69821601959845,0.8,256,0.04605232195770909,-0.34757055393355457,-0.40979580770221624,-0.2198063057577395,42.68694847197968,42.68904878903858,22.35446039024495,14.364295761243557,15.221948929196516,-0.24990511458209982,void_in_void,True
23618.0,89,0.06378,12.85,188.69821601959845,1.0,256,0.04605232195770909,-0.26972035458917015,-0.44961269803009407,0.0,55.442752111430075,55.441034462266884,28.153136493053427,11.762450339274235,14.822171818119495,-0.24990511458209982,void_in_void,True
23618.0,89,0.06378,12.85,188.69821601959845,1.25,256,0.04605232195770909,-0.16569972654603432,-0.3567872682600251,0.1554588010857737,58.96829017698347,58.96097439996896,50.223339836944234,9.806863085022826,15.449458421863936,-0.24990511458209982,void_in_void,True
23618.0,89,0.06378,12.85,188.69821601959845,1.5507603954646239,256,0.04605232195770909,-0.13951974332005068,-0.23784219325937056,0.13156499585935988,57.758176352285496,57.74545457499131,80.19519861188844,21.118772373514958,22.53377348972495,-0.24990511458209982,void_in_void,True
23618.0,89,0.06378,12.85,188.69821601959845,2.0,244,0.04605232195770909,-0.2174163807160363,-0.2569681096745965,0.0,71.07477146344964,73.534328976437,99.52919445354755,44.58348955026789,28.449888055479544,-0.24990511458209982,void_in_void,False
23618.0,89,0.06378,12.85,188.69821601959845,2.5,221,0.04605232195770909,-0.24990511458209982,-0.33662740373952227,0.0,102.82894035830017,111.84205756988024,88.07675966362679,62.4430958916152,41.80857189154039,-0.24990511458209982,void_in_void,False
20246.0,90,0.09638,5.78,283.16857164611025,0.8,256,0.0,0.0,0.0,0.0,0.025992116239213665,0.025903746901506947,0.0001988282897160135,0.9446918221347121,0.04171961967122334,0.0,void_in_cloud_or_compensated,True
20246.0,90,0.09638,5.78,283.16857164611025,1.0,256,0.0,0.0,0.0,0.0,0.0325044114713263,0.03239394414051748,0.00013315585773719882,1.1809140372857647,0.06518738799705456,0.0,void_in_cloud_or_compensated,True
20246.0,90,0.09638,5.78,283.16857164611025,1.25,256,0.0,0.0,0.0,0.0,0.04066289916393385,0.040524809094417,0.00015680118627702213,1.4761120464604056,0.10192157195943476,0.0,void_in_cloud_or_compensated,True
20246.0,90,0.09638,5.78,283.16857164611025,1.5507603954646239,256,0.0,0.0,0.0,0.0,0.0504956973884605,0.05032434838900987,0.00015665059375471208,1.8313733341323002,0.15706928519709246,0.0,void_in_cloud_or_compensated,True
20246.0,90,0.09638,5.78,283.16857164611025,2.0,256,0.0,0.0,0.0,0.0,0.06502049916723736,0.06479952494155147,0.00014063260366333036,2.361879603270432,0.26171567799498,0.0,void_in_cloud_or_compensated,True
20246.0,90,0.09638,5.78,283.16857164611025,2.5,256,0.0,0.0,0.0,0.0,0.08133831142565871,0.08106204943625453,0.00019098297307776734,2.9522196720915006,0.4099231064996299,0.0,void_in_cloud_or_compensated,True
9214.0,91,0.06719,5.66,198.64347903514644,0.8,256,-0.4860118573938778,-0.3008925944785284,-0.4093647085549704,0.0,21.975954236746546,21.977627738545536,12.585955236845088,11.235078808826087,4.445455131438431,-0.25878203494655794,void_in_void,True
9214.0,91,0.06719,5.66,198.64347903514644,1.0,256,-0.4860118573938778,-0.28771254145614816,-0.3869212617109704,0.0,25.577829540992614,25.579999617249847,17.443928803198062,13.351553325698363,5.494766267243887,-0.25878203494655794,void_in_void,True
9214.0,91,0.06719,5.66,198.64347903514644,1.25,256,-0.4860118573938778,-0.28235669372138367,-0.3975801727823792,0.0,30.47543167895836,30.47793627812386,23.754789230481453,16.038068530382535,6.842526871054908,-0.25878203494655794,void_in_void,True
9214.0,91,0.06719,5.66,198.64347903514644,1.5507603954646239,256,-0.4860118573938778,-0.2682349893833338,-0.3309663623140807,0.0,36.123484131973164,36.12646216406605,31.409694066161872,19.49870497712531,8.356200548870474,-0.25878203494655794,void_in_void,True
9214.0,91,0.06719,5.66,198.64347903514644,2.0,256,-0.4860118573938778,-0.2628559398177314,-0.3742653352449433,0.0,44.66484126380134,44.668467004102176,42.95524940245505,25.0958876921938,10.527257709286005,-0.25878203494655794,void_in_void,True
9214.0,91,0.06719,5.66,198.64347903514644,2.5,256,-0.4860118573938778,-0.25878203494655794,-0.36541046237049346,0.0,54.42679353831786,54.431115126060845,55.95673354584198,31.288943052473684,13.39730290125087,-0.25878203494655794,void_in_void,True
6565.0,93,0.06814,11.32,201.41152268368754,0.8,256,0.0,-0.12561692076577213,0.0,0.0,16.842476236256218,16.84526723867328,25.474014386559887,22.617702058908087,11.671541372970868,-0.07368085295574392,void_in_void,True
6565.0,93,0.06814,11.32,201.41152268368754,1.0,256,0.0,-0.11868612213090932,0.0,0.0,20.473436431864464,20.478127817815327,32.952144078794106,25.315720786109484,17.193025603601445,-0.07368085295574392,void_in_void,True
6565.0,93,0.06814,11.32,201.41152268368754,1.25,256,0.0,-0.1153421050130033,0.0,0.0,24.698882819896248,24.706265248432516,41.71022173494866,28.333444175520988,24.6069482503792,-0.07368085295574392,void_in_void,True
6565.0,93,0.06814,11.32,201.41152268368754,1.5507603954646239,256,0.0,-0.11083611401084305,0.0,0.0,29.5539822915626,29.565614239212557,50.022903192160385,29.978693989539895,28.064028526929608,-0.07368085295574392,void_in_void,True
6565.0,93,0.06814,11.32,201.41152268368754,2.0,256,0.0,-0.0923156773231936,0.0,0.0,34.90825369776857,34.92596861201813,58.662642914648536,30.554423306144262,27.412347540500633,-0.07368085295574392,void_in_void,True
6565.0,93,0.06814,11.32,201.41152268368754,2.5,256,0.0,-0.07368085295574392,0.0,0.0,38.118579426492246,38.134580672471984,69.01852333026041,22.902497777701914,24.261380023059576,-0.07368085295574392,void_in_void,True
5197.0,95,0.07503,5.02,221.45274167501935,0.8,256,0.0,0.0,0.0,0.0,0.02249225380118998,0.022284714498444436,0.019583844114349783,4.958224784178194,0.5330180497623296,0.0,void_in_cloud_or_compensated,True
5197.0,95,0.07503,5.02,221.45274167501935,1.0,256,0.0,0.0,0.0,0.0,0.027522240669977514,0.02726054459090535,0.02747218505923881,6.213717427135506,0.8503843335770699,0.0,void_in_cloud_or_compensated,True
5197.0,95,0.07503,5.02,221.45274167501935,1.25,256,0.0,0.0,0.0,0.0,0.03728842391140945,0.03696533076816269,0.021626490627767395,7.777309552825982,1.3239270722008258,0.0,void_in_cloud_or_compensated,True
5197.0,95,0.07503,5.02,221.45274167501935,1.5507603954646239,256,0.0,0.0,0.0,0.0,0.043979270227926484,0.043579091381163615,0.024203354774440404,9.63475005975781,2.05763625996815,0.0,void_in_cloud_or_compensated,True
5197.0,95,0.07503,5.02,221.45274167501935,2.0,256,0.0,0.0,0.0,0.0,0.05930396212993394,0.058791941251540525,0.02069401254678585,12.429538981829198,3.4717304061372114,0.0,void_in_cloud_or_compensated,True
5197.0,95,0.07503,5.02,221.45274167501935,2.5,256,0.0,0.0,0.0,0.0,0.0755043897332769,0.07486554322300099,0.022348011691684745,15.54552825039218,5.562741884822824,0.0,void_in_cloud_or_compensated,True
2085.0,96,0.08032,8.22,236.79886720385332,0.8,256,0.0,0.0,0.0,0.0,0.03539113314094122,0.03513458503865978,0.0013737031186138698,1.6775822681761123,0.20758211609103103,0.0,void_in_cloud_or_compensated,True
2085.0,96,0.08032,8.22,236.79886720385332,1.0,256,0.0,0.0,0.0,0.0,0.04755523044825658,0.0472345207451428,0.0037785138252219275,2.0963860510814065,0.32142096065719095,0.0,void_in_cloud_or_compensated,True
2085.0,96,0.08032,8.22,236.79886720385332,1.25,256,0.0,0.0,0.0,0.0,0.05810793535252237,0.057706852212515286,0.002666068975492516,2.6201293762929443,0.5062952461136845,0.0,void_in_cloud_or_compensated,True
2085.0,96,0.08032,8.22,236.79886720385332,1.5507603954646239,256,0.0,0.0,0.0,0.0,0.0706520172256002,0.07015452406727181,0.0034843487167497854,3.2510944087763236,0.7852546381893037,0.0,void_in_cloud_or_compensated,True
2085.0,96,0.08032,8.22,236.79886720385332,2.0,256,0.0,0.0,0.0,0.0,0.09079149275648929,0.09014948331787974,0.004308036137619947,4.195716490576249,1.3248648883324834,0.0,void_in_cloud_or_compensated,True
2085.0,96,0.08032,8.22,236.79886720385332,2.5,231,0.0,0.0,0.0,0.0,-0.11464257556974741,0.6280009236806074,0.3399101965669293,5.409993961500432,2.127413300990647,0.0,void_in_cloud_or_compensated,True
59838.0,98,0.07233,6.54,213.60635101556133,0.8,256,0.0,0.0,0.0,0.0,0.03054246985310858,0.03361581331050331,0.012704869114597487,8.645243174211473,1.0359497640968136,-0.03561748009039663,void_in_void,True
59838.0,98,0.07233,6.54,213.60635101556133,1.0,256,0.0,0.0,0.0,0.0,0.03677804971438986,0.04061783703632246,0.011220755612340453,10.806375064026446,1.6264673325779977,-0.03561748009039663,void_in_void,True
59838.0,98,0.07233,6.54,213.60635101556133,1.25,256,0.0,0.0,0.0,0.0,0.04794925092944934,0.05274998234466943,0.013573473451278347,13.50709095280822,2.571485822078019,-0.03561748009039663,void_in_void,True
59838.0,98,0.07233,6.54,213.60635101556133,1.5507603954646239,256,0.0,0.0,0.0,0.0,0.05769170269968198,0.06364851724614151,0.011145796642363063,16.75956381915092,4.034191637555234,-0.03561748009039663,void_in_void,True
59838.0,98,0.07233,6.54,213.60635101556133,2.0,256,0.0,-0.0011976708494983816,0.0,0.0,0.0865009798729903,0.09417573166963322,0.03296571492485083,21.59168026265007,6.958521042476835,-0.03561748009039663,void_in_void,True
59838.0,98,0.07233,6.54,213.60635101556133,2.5,256,0.0,-0.03561748009039663,0.0,0.0,2.2720100951625684,2.2809909635481276,3.584633605020319,23.7001517892923,9.200290345876049,-0.03561748009039663,void_in_void,True
40733.0,100,0.05896,7.42,174.61553748687666,0.8,256,0.446515025797251,0.4463944530714822,0.4263941670440595,0.9322213576689323,-38.85221441365879,-38.84666866941198,37.478383445160304,40.36498054782872,16.521187677920317,0.10565524198482146,void_in_cloud_or_compensated,False
40733.0,100,0.05896,7.42,174.61553748687666,1.0,256,0.446515025797251,0.40122441788491736,0.348580130084559,0.8840059956213606,-46.75693553421553,-46.74976961569385,50.92764047449609,46.85515824883974,22.360633238703265,0.10565524198482146,void_in_cloud_or_compensated,False
40733.0,100,0.05896,7.42,174.61553748687666,1.25,256,0.446515025797251,0.31944017349891185,0.20931949135278166,0.7968095475962701,-53.08654136337781,-53.07661403965025,64.99784095191292,54.14694724573039,28.817239621300285,0.10565524198482146,void_in_cloud_or_compensated,False
40733.0,100,0.05896,7.42,174.61553748687666,1.5507603954646239,256,0.446515025797251,0.21221994906337138,0.08600948295981178,0.653715510796878,-54.94494749587339,-54.93138272262911,76.88406321224298,62.05848294867041,34.02195739287877,0.10565524198482146,void_in_cloud_or_compensated,False
40733.0,100,0.05896,7.42,174.61553748687666,2.0,256,0.446515025797251,0.11564548384440354,-0.023845122099306726,0.590141211341086,-49.94973857150035,-49.93357102072768,86.86981215906657,70.14355573968972,35.978202060068,0.10565524198482146,void_in_cloud_or_compensated,False
40733.0,100,0.05896,7.42,174.61553748687666,2.5,256,0.446515025797251,0.10565524198482146,-0.06305883239714963,0.6347795777914115,-45.67730063740731,-45.66731250258209,95.15524345862768,70.62578906780084,35.82966500526428,0.10565524198482146,void_in_cloud_or_compensated,False
7456.0,101,0.05688,6.03,168.52928353715555,0.8,256,0.13743955298482685,0.0458825660642997,0.021858028250963155,0.37549028330902706,-5.4115254864758535,-5.4167880650666325,21.029305037771135,32.89247302430698,10.860808727951188,-0.11094786625762948,void_in_void,True
7456.0,101,0.05688,6.03,168.52928353715555,1.0,256,0.13743955298482685,0.00828298373114042,-0.03816828660662469,0.39824037372348464,-4.538674434868601,-4.543102498122067,29.135055699646244,36.69833807568992,14.924093611157177,-0.11094786625762948,void_in_void,False
7456.0,101,0.05688,6.03,168.52928353715555,1.25,256,0.13743955298482685,-0.04001565534175061,-0.12481627836054242,0.41695273035326713,-1.964111872610928,-1.9665870240948946,38.56106094704528,38.961653158348604,19.458333746853445,-0.11094786625762948,void_in_void,False
7456.0,101,0.05688,6.03,168.52928353715555,1.5507603954646239,256,0.13743955298482685,-0.09004092961918064,-0.21657956131421474,0.3581190608339262,3.11480585499605,3.1154998378517984,48.20058592514687,39.1776902637375,23.997304888833273,-0.11094786625762948,void_in_void,False
7456.0,101,0.05688,6.03,168.52928353715555,2.0,256,0.13743955298482685,-0.12149523221441691,-0.2534156932473164,0.32431824969780604,12.037196062594967,12.043427480675529,61.17348061535419,37.99602806766787,30.45362573059508,-0.11094786625762948,void_in_void,False
7456.0,101,0.05688,6.03,168.52928353715555,2.5,256,0.13743955298482685,-0.11094786625762948,-0.2952803544785319,0.46535399027021834,20.27306777769836,20.28534084602785,75.82524454063437,38.33878987797986,38.613511225255415,-0.11094786625762948,void_in_void,False
46406.0,102,0.06993,12.29,206.62398088166313,0.8,256,0.0,0.24099854869529164,0.0,0.283782682661486,-16.637398754661973,-16.62568195308891,26.69171208481,50.32689184187655,33.56911188101673,-0.0348973413344534,void_in_void,False
46406.0,102,0.06993,12.29,206.62398088166313,1.0,256,0.0,0.25898988520032895,0.0,0.43608947954868804,-32.75827265635577,-32.742611690799556,52.828895868202515,42.48839127826429,38.704475360909676,-0.0348973413344534,void_in_void,False
46406.0,102,0.06993,12.29,206.62398088166313,1.25,256,0.0,0.22547423406199796,0.0,0.020466451214754947,-47.136404643498224,-47.11239071167931,80.56973866201135,22.642957221868095,29.973946020376204,-0.0348973413344534,void_in_void,True
46406.0,102,0.06993,12.29,206.62398088166313,1.5507603954646239,256,0.0,0.12265853805658405,0.0,0.0,-53.12341470120042,-53.089413914728375,102.9230921715079,14.398677198401423,13.41450856805297,-0.0348973413344534,void_in_void,True
46406.0,102,0.06993,12.29,206.62398088166313,2.0,256,0.0,-0.008111840470771608,0.0,0.0,-39.53337565244974,-39.49549218417078,102.25330004502793,29.560817899467324,26.686837657251743,-0.0348973413344534,void_in_void,True
46406.0,102,0.06993,12.29,206.62398088166313,2.5,256,0.0,-0.0348973413344534,0.0,0.0,-20.137227254652263,-20.107680943542697,83.11177079796514,23.89892379635301,30.707536484378007,-0.0348973413344534,void_in_void,True
41821.0,103,0.05438,8.45,161.2068427353168,0.8,256,-0.2942976727266956,-0.21848898465002256,-0.24557783901629643,0.10143070238242045,22.913914954515423,22.91911974960703,25.050756338044604,17.506719799796112,8.6890426465408,-0.0230475668872846,void_in_void,True
41821.0,103,0.05438,8.45,161.2068427353168,1.0,256,-0.2942976727266956,-0.22043994137421363,-0.2699986690564459,0.08875611497499725,27.546290689549853,27.553037558837318,35.66483072205413,22.97657046628258,11.572331380176637,-0.0230475668872846,void_in_void,True
41821.0,103,0.05438,8.45,161.2068427353168,1.25,256,-0.2942976727266956,-0.24072366381372326,-0.3209680809733605,0.11817419378568632,34.65671350422594,34.66553839148869,49.40986621506483,30.301866412191714,15.211807419474097,-0.0230475668872846,void_in_void,True
41821.0,103,0.05438,8.45,161.2068427353168,1.5507603954646239,256,-0.2942976727266956,-0.2350945094332041,-0.3726405790193925,0.1013314085879098,44.02113082517305,44.03344501113894,66.85404274731569,39.92568070637242,20.36500711631431,-0.0230475668872846,void_in_void,False
41821.0,103,0.05438,8.45,161.2068427353168,2.0,256,-0.2942976727266956,-0.12192759450112994,-0.34533249125750964,0.37647332894058344,49.63515830341788,49.656825920178655,102.53802246975438,58.66774135561304,29.720972821586724,-0.0230475668872846,void_in_void,False
41821.0,103,0.05438,8.45,161.2068427353168,2.5,256,-0.2942976727266956,-0.0230475668872846,-0.29097000621003605,0.6727884908645583,39.94069158761834,39.97685130175548,156.14359304940817,79.84710035771948,40.537542245492695,-0.0230475668872846,void_in_void,False
48674.0,104,0.09651,6.36,283.5425635057684,0.8,218,0.0,0.0,0.0,0.0,0.02296106975224351,0.06482622396258576,0.0076323384254157085,0.4489444406600044,0.027682407726372267,0.0,void_in_cloud_or_compensated,True
48674.0,104,0.09651,6.36,283.5425635057684,1.0,200,0.0,0.0,0.0,0.0,0.020945360661131954,0.08879451925526012,0.01912885870631835,0.568064998267576,0.04187559613619742,0.0,void_in_cloud_or_compensated,True
48674.0,104,0.09651,6.36,283.5425635057684,1.25,186,0.0,0.0,0.0,0.0,0.009403664795195728,0.11884143008275737,0.04418827236615356,0.7205287594686626,0.06426333066886092,0.0,void_in_cloud_or_compensated,True
48674.0,104,0.09651,6.36,283.5425635057684,1.5507603954646239,174,0.0,0.0,0.0,0.0,-0.009143633102796811,0.1383478235822176,0.08009900462829607,0.9104846013227359,0.09805848963482966,0.0,void_in_cloud_or_compensated,True
48674.0,104,0.09651,6.36,283.5425635057684,2.0,164,0.0,0.0,0.0,0.0,-0.066278067564316,0.18129367425343623,0.17016220417563838,1.2135046896704678,0.1596679458948205,0.0,void_in_cloud_or_compensated,True
48674.0,104,0.09651,6.36,283.5425635057684,2.5,157,0.0,0.0,0.0,0.0,-0.12860269824275186,0.21077112996779052,0.27501674086142347,1.5565300201330199,0.2469577490982261,0.0,void_in_cloud_or_compensated,True
47078.0,105,0.05072,7.11,150.4725733572305,0.8,256,0.10370711684905087,0.5392580700661267,0.550038416359055,1.0836192220802192,-30.585224316615545,-30.604089616260083,35.91985198731429,79.501228216937,24.673801537388474,0.5976948781724132,void_in_cloud_or_compensated,False
47078.0,105,0.05072,7.11,150.4725733572305,1.0,256,0.10370711684905087,0.7044781306643232,0.6871032791362017,1.428635818302107,-50.71568049746081,-50.740935395720214,55.153920596800845,90.67650266843104,34.461172321085094,0.5976948781724132,void_in_cloud_or_compensated,False
47078.0,105,0.05072,7.11,150.4725733572305,1.25,256,0.10370711684905087,0.8674820682393303,0.8036063604299906,1.8579466105465923,-81.89216308629075,-81.92437007501071,82.07335845611235,99.07592103259326,45.793934171203915,0.5976948781724132,void_in_cloud_or_compensated,False
47078.0,105,0.05072,7.11,150.4725733572305,1.5507603954646239,256,0.10370711684905087,0.9559907541370944,0.8223107377939792,2.21450066772465,-122.54981469475783,-122.5870775724979,115.19184474088948,104.85849185508155,55.904664658830725,0.5976948781724132,void_in_cloud_or_compensated,False
47078.0,105,0.05072,7.11,150.4725733572305,2.0,256,0.10370711684905087,0.865208493232148,0.5670466320382264,2.1220995698067693,-173.92014988041706,-173.95895741897033,160.43330110109332,114.5618263341872,59.11990133315694,0.5976948781724132,void_in_cloud_or_compensated,False
47078.0,105,0.05072,7.11,150.4725733572305,2.5,256,0.10370711684905087,0.5976948781724132,0.33285455331376224,1.526172077208,-200.98404890591303,-201.02764290271034,198.97814848081606,116.14271851480639,60.275423071195156,0.5976948781724132,void_in_cloud_or_compensated,False
37686.0,106,0.0506,6.46,150.12034444809566,0.8,256,-0.348026814270085,-0.24587620344659555,-0.24261082999521938,-0.07760574126695541,20.67595723072776,20.67800231248815,7.593655890517012,31.27634931090172,4.797390209176235,-0.28057979034058217,void_in_void,True
37686.0,106,0.0506,6.46,150.12034444809566,1.0,256,-0.348026814270085,-0.209578941080394,-0.23289483408640904,0.014049967054544893,23.4208242971106,23.423795819111188,12.373772899384408,35.40353670218065,6.826142795605085,-0.28057979034058217,void_in_void,True
37686.0,106,0.0506,6.46,150.12034444809566,1.25,256,-0.348026814270085,-0.17845011488885318,-0.2183939874563029,0.12767202824967766,25.80424371426339,25.808661192237413,20.446570924563062,37.91255329663647,9.54287224196278,-0.28057979034058217,void_in_void,False
37686.0,106,0.0506,6.46,150.12034444809566,1.5507603954646239,256,-0.348026814270085,-0.16705049659337495,-0.26580068305055404,0.2316276298622365,28.250548012127634,28.257190207832025,33.07202038921257,37.72692453087888,13.268034309634492,-0.28057979034058217,void_in_void,False
37686.0,106,0.0506,6.46,150.12034444809566,2.0,256,-0.348026814270085,-0.20707206757263413,-0.34868703446297766,0.302313590622118,35.01885511804924,35.02864510440776,52.61900806495736,33.52292781789518,19.10264622544802,-0.28057979034058217,void_in_void,True
37686.0,106,0.0506,6.46,150.12034444809566,2.5,256,-0.348026814270085,-0.28057979034058217,-0.3883684335195229,0.0889470525512083,50.824102310095334,50.835725877520275,66.89253645940941,29.886886726751555,23.093805854378434,-0.28057979034058217,void_in_void,True
40874.0,107,0.07337,7.66,216.62976539794133,0.8,256,0.0,0.0,0.0,0.0,0.03745419409346384,0.035960392673134195,0.010994734117222559,8.730985827806336,1.2703149230174935,-0.009959781556123735,void_in_void,True
40874.0,107,0.07337,7.66,216.62976539794133,1.0,256,0.0,0.0,0.0,0.0,0.040266487518294675,0.038400852775560074,0.018794673433102437,10.915279050347786,1.9973848270173347,-0.009959781556123735,void_in_void,True
40874.0,107,0.07337,7.66,216.62976539794133,1.25,256,0.0,0.0,0.0,0.0,0.05419694497334513,0.05186135937546821,0.013029210776632574,13.645479812642398,3.1694073781245793,-0.009959781556123735,void_in_void,True
40874.0,107,0.07337,7.66,216.62976539794133,1.5507603954646239,256,0.0,0.0,0.0,0.0,0.06370330005120785,0.06080883026131334,0.0188351330200056,16.92826326517747,5.0007549666588265,-0.009959781556123735,void_in_void,True
40874.0,107,0.07337,7.66,216.62976539794133,2.0,256,0.0,-3.919667111879502e-05,0.0,0.0,0.08444061681881922,0.08070188129744593,0.015247179706415986,21.824247030894526,8.859531426531838,-0.009959781556123735,void_in_void,True
40874.0,107,0.07337,7.66,216.62976539794133,2.5,256,0.0,-0.009959781556123735,0.0,0.0,0.741881608765675,0.736939562140219,1.0533969250845683,26.532736082746553,15.062913725055529,-0.009959781556123735,void_in_void,True
19777.0,108,0.09049,5.2,266.2010070543687,0.8,256,0.0,0.0,0.0,0.0,0.022396251432607657,0.02203307831469382,0.000995416130169107,1.2951602468853,0.0624601205896158,0.0,void_in_cloud_or_compensated,True
19777.0,108,0.09049,5.2,266.2010070543687,1.0,256,0.0,0.0,0.0,0.0,0.02972557944302719,0.02927185062044607,0.00020326639493482778,1.619198107685476,0.09808898148751906,0.0,void_in_cloud_or_compensated,True
19777.0,108,0.09049,5.2,266.2010070543687,1.25,256,0.0,0.0,0.0,0.0,0.036386540257478936,0.035819278267104876,0.0005447547457917873,2.02393414437667,0.15319522611056874,0.0,void_in_cloud_or_compensated,True
19777.0,108,0.09049,5.2,266.2010070543687,1.5507603954646239,256,0.0,0.0,0.0,0.0,0.04528176349315996,0.04457810092642955,0.0003440973778876303,2.51093298105374,0.23639368721863807,0.0,void_in_cloud_or_compensated,True
19777.0,108,0.09049,5.2,266.2010070543687,2.0,256,0.0,0.0,0.0,0.0,0.05823285473106009,0.057325221465679324,0.0005224348552797818,3.2384054550347647,0.3941970963650749,0.0,void_in_cloud_or_compensated,True
19777.0,108,0.09049,5.2,266.2010070543687,2.5,256,0.0,0.0,0.0,0.0,0.07282723312512906,0.07169289470969861,0.000900505002468501,4.047670146532275,0.6173642870756223,0.0,void_in_cloud_or_compensated,True
46608.0,111,0.07606,8.56,224.44354319116636,0.8,256,0.0,0.0,0.0,0.0,0.037996138039342923,0.036596438866228514,0.02890626488349823,8.620724932546024,1.6387841329658175,0.0,void_in_cloud_or_compensated,True
46608.0,111,0.07606,8.56,224.44354319116636,1.0,256,0.0,0.0,0.0,0.0,0.046149893934918924,0.04439964096787033,0.029190852095949533,10.771528839359673,2.583918258890337,0.0,void_in_cloud_or_compensated,True
46608.0,111,0.07606,8.56,224.44354319116636,1.25,256,0.0,0.0,0.0,0.0,0.0559044317704257,0.05371411547483826,0.024696635580707255,13.463711571170393,4.0984407748956615,0.0,void_in_cloud_or_compensated,True
46608.0,111,0.07606,8.56,224.44354319116636,1.5507603954646239,238,0.0,0.0,0.0,0.0,0.5794752494433579,-0.7567238684974504,0.7587877483033874,17.166285519951135,6.5127133943747415,0.0,void_in_cloud_or_compensated,True
46608.0,111,0.07606,8.56,224.44354319116636,2.0,213,0.0,0.0,0.0,0.0,2.8412776272125546,-1.9091403014260964,3.6881404646070233,24.224609940963486,11.591893966003461,0.0,void_in_cloud_or_compensated,True
46608.0,111,0.07606,8.56,224.44354319116636,2.5,196,0.0,0.0,0.0,0.0,7.796618859707513,-2.9211622186112587,9.698275099721803,34.17381262369616,20.59520178582969,0.0,void_in_cloud_or_compensated,True
37268.0,115,0.05356,14.74,158.80336456590274,0.8,256,-0.47931395252971837,-0.41516312870150474,-0.4647291430509694,-0.2148254405939133,72.83946899693298,72.82560051858411,22.051660169852227,40.41964336743701,17.551770604583425,-0.20154193264613912,void_in_void,False
37268.0,115,0.05356,14.74,158.80336456590274,1.0,256,-0.47931395252971837,-0.3877865453157572,-0.45449590234217124,-0.17958348912117178,87.95555102456638,87.94067637445261,30.785443008052763,45.25952405466096,28.201186498515792,-0.20154193264613912,void_in_void,False
37268.0,115,0.05356,14.74,158.80336456590274,1.25,256,-0.47931395252971837,-0.32110841240790267,-0.40259777476271824,-0.14286153461970857,101.97086526523755,101.95760303433347,40.910197675908826,42.46339389123477,41.51243346010115,-0.20154193264613912,void_in_void,False
37268.0,115,0.05356,14.74,158.80336456590274,1.5507603954646239,256,-0.47931395252971837,-0.2198554541017247,-0.3981525467668807,0.17833681913251004,107.90274222365466,107.89341428270029,49.11026216428582,27.4767756652882,51.48474965952056,-0.20154193264613912,void_in_void,True
37268.0,115,0.05356,14.74,158.80336456590274,2.0,256,-0.47931395252971837,-0.154288793946437,-0.39714073866178934,0.32509831908518344,102.73537850760823,102.72279887326538,61.862053707257246,40.075795743442924,52.957144743783516,-0.20154193264613912,void_in_void,False
37268.0,115,0.05356,14.74,158.80336456590274,2.5,256,-0.47931395252971837,-0.20154193264613912,-0.38247351186017564,0.05875609867362546,112.97841211173517,112.96049357661371,76.63793907790586,66.9843400870269,51.47650769695875,-0.20154193264613912,void_in_void,False
37505.0,116,0.07202,7.13,212.70487422417898,0.8,256,0.0,0.0,0.0,0.0,0.0306775748538848,0.030007996511783167,0.01943697670764212,9.259376258972054,1.3702485668847122,-0.06373315918735448,void_in_void,True
37505.0,116,0.07202,7.13,212.70487422417898,1.0,256,0.0,0.0,0.0,0.0,0.037975232907585595,0.03713582807016105,0.02836714160656885,11.58414438740425,2.1733051860225516,-0.06373315918735448,void_in_void,True
37505.0,116,0.07202,7.13,212.70487422417898,1.25,256,0.0,0.0,0.0,0.0,0.04974990384084653,0.04870324352015609,0.02293398889096063,14.477427806296834,3.4363380475694605,-0.06373315918735448,void_in_void,True
37505.0,116,0.07202,7.13,212.70487422417898,1.5507603954646239,256,0.0,0.0,0.0,0.0,0.06107520206911471,0.059776449262038345,0.01959058773979561,17.952075740251242,5.40189595018227,-0.06373315918735448,void_in_void,True
37505.0,116,0.07202,7.13,212.70487422417898,2.0,256,0.0,-0.023966931928642708,0.0,0.0,1.0074702617251725,1.0060032648836332,1.515128737248435,22.157133903629774,9.037480312423284,-0.06373315918735448,void_in_void,True
37505.0,116,0.07202,7.13,212.70487422417898,2.5,247,0.0,-0.06373315918735448,0.0,0.0,7.127258188041764,6.5167959670429125,8.988939624529628,24.650705093194276,16.136948966421272,-0.06373315918735448,void_in_void,True
58014.0,118,0.09016,6.12,265.2490407553398,0.8,256,0.0,0.0,0.0,0.0,0.027545436593656252,0.027589498803119877,0.0007482421459481711,0.49681381402208613,0.03263558609609117,0.0,void_in_cloud_or_compensated,True
58014.0,118,0.09016,6.12,265.2490407553398,1.0,256,0.0,0.0,0.0,0.0,0.03443189706308214,0.034487354533430964,0.00047590673846332793,0.6211331333868649,0.05145026511728338,0.0,void_in_cloud_or_compensated,True
58014.0,118,0.09016,6.12,265.2490407553398,1.25,256,0.0,0.0,0.0,0.0,0.04305035950112041,0.04311911319008194,0.0007689482207046689,0.7764283947780668,0.08012492646386041,0.0,void_in_cloud_or_compensated,True
58014.0,118,0.09016,6.12,265.2490407553398,1.5507603954646239,256,0.0,0.0,0.0,0.0,0.05325215007912413,0.05333776109262463,0.0006804734625241789,0.9632829190894338,0.12389119162882845,0.0,void_in_cloud_or_compensated,True
58014.0,118,0.09016,6.12,265.2490407553398,2.0,256,0.0,0.0,0.0,0.0,0.0685782850565642,0.06868876993454232,0.0008820473482247523,1.2422100103049054,0.2068861590943425,0.0,void_in_cloud_or_compensated,True
58014.0,118,0.09016,6.12,265.2490407553398,2.5,256,0.0,0.0,0.0,0.0,0.0858184958854205,0.085956324406841,0.00041066409600713473,1.5526729982939114,0.32565748396724503,0.0,void_in_cloud_or_compensated,True
8500.0,119,0.0741,6.21,218.75114587803944,0.8,256,0.0,0.0,0.0,0.0,0.02830559656217635,0.031002033847744692,0.013863995606275813,6.564133856308477,0.8609395239333768,0.0,void_in_cloud_or_compensated,True
8500.0,119,0.0741,6.21,218.75114587803944,1.0,256,0.0,0.0,0.0,0.0,0.034408324739132655,0.03777904656434497,0.015277924947286213,8.204651981876149,1.3500260712485002,0.0,void_in_cloud_or_compensated,True
8500.0,119,0.0741,6.21,218.75114587803944,1.25,256,0.0,0.0,0.0,0.0,0.04512598074060332,0.049339142392718915,0.012306999459964338,10.254148116215104,2.1203107500432434,0.0,void_in_cloud_or_compensated,True
8500.0,119,0.0741,6.21,218.75114587803944,1.5507603954646239,256,0.0,0.0,0.0,0.0,0.054646433630408796,0.05987419153830301,0.014175501596754703,12.722948884181973,3.289819781820872,0.0,void_in_cloud_or_compensated,True
8500.0,119,0.0741,6.21,218.75114587803944,2.0,256,0.0,0.0,0.0,0.0,0.07147937364147725,0.07822213369018521,0.013626719325339274,16.410202801323802,5.552663663089701,0.0,void_in_cloud_or_compensated,True
8500.0,119,0.0741,6.21,218.75114587803944,2.5,256,0.0,0.0,0.0,0.0,0.08688669664941641,0.09531821316175726,0.015039128384865555,20.517436892266232,8.860110616466063,0.0,void_in_cloud_or_compensated,True
42034.0,121,0.06839,20.3,202.13976451111716,0.8,256,0.0,-0.015589882951164698,0.0,0.0,2.2690359664946897,2.2600827931317955,27.471153512802335,15.963175506787756,21.031332636158357,-0.01785726600772073,void_in_void,True
42034.0,121,0.06839,20.3,202.13976451111716,1.0,256,0.0,-0.008039246615445955,0.0,0.0037227178698446993,3.708712139473583,3.700626355288919,29.85586655771141,14.794622542294144,22.71825566637382,-0.01785726600772073,void_in_void,True
42034.0,121,0.06839,20.3,202.13976451111716,1.25,249,0.0,0.015334720305476458,0.0,0.02568584043435737,1.611888311964734,1.0074771408338825,28.33851746525798,11.312372173464423,17.71639579973251,-0.01785726600772073,void_in_void,True
42034.0,121,0.06839,20.3,202.13976451111716,1.5507603954646239,226,0.0,-0.0476873885714025,0.0,0.0,3.1198642032211925,2.0000176523290114,32.29304803915157,25.08386382720569,44.811899396312604,-0.01785726600772073,void_in_void,True
42034.0,121,0.06839,20.3,202.13976451111716,2.0,204,0.0,-0.05883631360816025,0.0,0.0,22.816700896918128,23.901700551632405,33.8472106126441,43.06485409337488,68.36249699790096,-0.01785726600772073,void_in_void,False
42034.0,121,0.06839,20.3,202.13976451111716,2.5,189,0.0,-0.01785726600772073,0.0,0.04301401702158753,34.03681883142776,23.291575946680172,47.166345847526294,47.581713563959894,49.94045872963735,-0.01785726600772073,void_in_void,False
33291.0,122,0.05589,8.02,165.63054056747782,0.8,256,-0.25994670831643574,-0.08958022626880684,-0.3160025483040722,0.47214447737176035,12.935048795887017,12.940005766954744,39.602744392404844,40.00204766873306,11.088177817879474,-0.06496473352325549,void_in_void,False
33291.0,122,0.05589,8.02,165.63054056747782,1.0,256,-0.25994670831643574,-0.053297549999020255,-0.31382278408839426,0.47809511644011643,12.158379256847951,12.160237885687415,58.66568193551423,43.57399810240183,14.499833941930373,-0.06496473352325549,void_in_void,False
33291.0,122,0.05589,8.02,165.63054056747782,1.25,256,-0.25994670831643574,-0.03944013994775512,-0.25161866306722913,0.38078810005085584,10.889065129391902,10.885902506723571,80.77203493087585,46.75587254809486,19.30080773933634,-0.06496473352325549,void_in_void,False
33291.0,122,0.05589,8.02,165.63054056747782,1.5507603954646239,256,-0.25994670831643574,-0.053975520067866614,-0.17941116508938115,0.3657088961808862,10.995163730953887,10.986097404523658,97.6465401826968,48.75092356168343,25.872211267123177,-0.06496473352325549,void_in_void,False
33291.0,122,0.05589,8.02,165.63054056747782,2.0,256,-0.25994670831643574,-0.07589560396102264,-0.2313542487346334,0.3931893817984491,14.641974058157555,14.626521359422874,95.41828449537174,45.473044662003396,31.12707080069583,-0.06496473352325549,void_in_void,False
33291.0,122,0.05589,8.02,165.63054056747782,2.5,256,-0.25994670831643574,-0.06496473352325549,-0.21758709579644941,0.3881335749261278,19.618038998725325,19.59772745901863,73.7650191852045,43.70916390753838,31.063876732269815,-0.06496473352325549,void_in_void,False
60551.0,123,0.05625,16.61,166.68477213097384,0.8,256,-0.46551148492629846,-0.16238552263534622,-0.29734841394853184,0.17430545532297612,46.47195033970983,46.46628138469998,28.06767148759812,31.11820183549934,20.800863663186526,-0.0827311905586367,void_in_void,True
60551.0,123,0.05625,16.61,166.68477213097384,1.0,256,-0.46551148492629846,-0.15105703756745975,-0.28901059487448266,0.29365944964487606,47.47359906756266,47.466879146407,40.28292037717119,39.63789578846354,30.04191101333445,-0.0827311905586367,void_in_void,False
60551.0,123,0.05625,16.61,166.68477213097384,1.25,256,-0.46551148492629846,-0.14966206715917843,-0.2543353593925288,0.20329710138980492,52.510972380749536,52.502108203695414,53.16649437557068,51.411633417600314,37.71477997031943,-0.0827311905586367,void_in_void,False
60551.0,123,0.05625,16.61,166.68477213097384,1.5507603954646239,256,-0.46551148492629846,-0.11867518796769899,-0.26948648962108573,0.2566754915937519,57.282769534991544,57.2710262086176,60.67190381116004,62.584265429121004,34.33530358182341,-0.0827311905586367,void_in_void,False
60551.0,123,0.05625,16.61,166.68477213097384,2.0,256,-0.46551148492629846,-0.13618371277350852,-0.2888044948172466,0.21873703098366346,65.87622245120866,65.85706982360223,77.84199695528442,73.83801709229039,43.07799077044789,-0.0827311905586367,void_in_void,False
60551.0,123,0.05625,16.61,166.68477213097384,2.5,256,-0.46551148492629846,-0.0827311905586367,-0.1929951892990433,0.35570474465702057,73.30936932527428,73.28439448540007,97.42403842329115,71.7569305925437,64.57725190855633,-0.0827311905586367,void_in_void,False
61179.0,127,0.06747,20.02,199.45944271664527,0.8,136,-0.2209513371381786,0.30220401333875185,0.09946681374658022,0.9576260737655826,-148.52184218280868,10.85585430688653,183.42722212006183,161.45130516215946,43.20480819142823,-0.09051343172061732,void_in_void,False
61179.0,127,0.06747,20.02,199.45944271664527,1.0,135,-0.2209513371381786,0.4743413584307849,0.10749968077337634,1.1900182662636094,-120.42796609077072,-36.05534953295006,111.69718445221424,107.48873054878688,40.18706042178728,-0.09051343172061732,void_in_void,False
61179.0,127,0.06747,20.02,199.45944271664527,1.25,133,-0.2209513371381786,0.28263743321929535,-0.0176912776104516,1.0915939398881087,-55.71299935078898,-82.29780814923583,73.416233233026,41.96976107679552,43.876139552122254,-0.09051343172061732,void_in_void,False
61179.0,127,0.06747,20.02,199.45944271664527,1.5507603954646239,132,-0.2209513371381786,-0.0727661245424423,-0.2100375055739074,0.3143561206081153,-31.98542372353217,-61.063223335064016,64.81252608018225,57.79505856158808,52.71932526933062,-0.09051343172061732,void_in_void,False
61179.0,127,0.06747,20.02,199.45944271664527,2.0,131,-0.2209513371381786,-0.1975732956194725,-0.3762043510631879,0.0,8.312833344672507,15.184991678933434,66.31562986956258,68.7906168406985,47.17896348859678,-0.09051343172061732,void_in_void,False
61179.0,127,0.06747,20.02,199.45944271664527,2.5,131,-0.2209513371381786,-0.09051343172061732,-0.23170407438204416,0.14765775006747334,56.0223640112104,68.51016770321215,64.73176085186724,71.93140504424585,64.45694258892415,-0.09051343172061732,void_in_void,False
38194.0,129,0.07595,6.36,224.1242018141456,0.8,256,0.0,0.0,0.0,0.0,0.030000399395818857,0.02899753181364749,0.006543546251003558,5.7440658308152885,0.6665101259954971,0.0,void_in_cloud_or_compensated,True
38194.0,129,0.07595,6.36,224.1242018141456,1.0,256,0.0,0.0,0.0,0.0,0.035770350747938655,0.03451714106880874,0.009426231142907774,7.1824822724406365,1.0448548735009537,0.0,void_in_cloud_or_compensated,True
38194.0,129,0.07595,6.36,224.1242018141456,1.25,256,0.0,0.0,0.0,0.0,0.04817418340585205,0.04660552808788497,0.004922139108390303,8.976693533509804,1.6369790775961723,0.0,void_in_cloud_or_compensated,True
38194.0,129,0.07595,6.36,224.1242018141456,1.5507603954646239,256,0.0,0.0,0.0,0.0,0.05587254226742029,0.05392814281170724,0.009925155019069596,11.135781845126623,2.5344427183111913,0.0,void_in_cloud_or_compensated,True
38194.0,129,0.07595,6.36,224.1242018141456,2.0,256,0.0,0.0,0.0,0.0,0.07550860396326216,0.07299905242855742,0.009954108351819646,14.365844631273005,4.270945600284678,0.0,void_in_cloud_or_compensated,True
38194.0,129,0.07595,6.36,224.1242018141456,2.5,252,0.0,0.0,0.0,0.0,0.14112043301210964,0.19728391552141575,0.08553606366100253,18.07597479031498,6.835026567263023,0.0,void_in_cloud_or_compensated,True
44588.0,130,0.0717,5.79,211.77418908392463,0.8,256,0.0,0.0,0.0,0.0,0.01432471587629384,0.015305303441044527,0.05304964748161505,4.97474675432451,1.0817570464875879,-0.025270449855046118,void_in_void,True
44588.0,130,0.0717,5.79,211.77418908392463,1.0,256,0.0,0.0,0.0,0.0,0.041138104739284344,0.0423601872428426,0.04055143106553347,6.227199865693503,1.710785777798862,-0.025270449855046118,void_in_void,True
44588.0,130,0.0717,5.79,211.77418908392463,1.25,256,0.0,0.0,0.0,0.0,0.038885377663276745,0.04041368358457413,0.03730774571762556,7.78403765751211,2.7608802019212484,-0.025270449855046118,void_in_void,True
44588.0,130,0.0717,5.79,211.77418908392463,1.5507603954646239,256,0.0,0.0,0.0,0.0,0.05598238268666852,0.0578763052198934,0.043040149226231506,9.659808081907208,4.397930385047322,-0.025270449855046118,void_in_void,True
44588.0,130,0.0717,5.79,211.77418908392463,2.0,256,0.0,-0.0025400503912456616,0.0,0.0,0.10934406847848843,0.11180794412785175,0.04079114679840696,12.481383219149572,8.060245703543746,-0.025270449855046118,void_in_void,True
44588.0,130,0.0717,5.79,211.77418908392463,2.5,256,0.0,-0.025270449855046118,0.0,0.0,1.524218774067628,1.5280872984322826,2.2941589360739854,16.764341891678963,15.965835910186865,-0.025270449855046118,void_in_void,True
7367.0,131,0.09356,5.71,275.0504599702772,0.8,256,0.0,0.0,0.0,0.0,0.02578106685729766,0.025989772266054426,0.000720087029964612,0.5582736026461024,0.03012622995229011,0.0,void_in_cloud_or_compensated,True
7367.0,131,0.09356,5.71,275.0504599702772,1.0,231,0.0,0.0,0.0,0.0,0.03666237216980315,0.0369894132306593,0.00674905507806362,0.7079219714925846,0.04591809763602923,0.0,void_in_cloud_or_compensated,True
7367.0,131,0.09356,5.71,275.0504599702772,1.25,211,0.0,0.0,0.0,0.0,0.0550400049162516,0.0472150749802701,0.022681207985208996,0.8718889444615017,0.06771664509790983,0.0,void_in_cloud_or_compensated,True
7367.0,131,0.09356,5.71,275.0504599702772,1.5507603954646239,195,0.0,0.0,0.0,0.0,0.08934689851256195,0.054527463323612926,0.05720018974348514,1.081796653023474,0.09942129932900512,0.0,void_in_cloud_or_compensated,True
7367.0,131,0.09356,5.71,275.0504599702772,2.0,180,0.0,0.0,0.0,0.0,0.15604318293773864,0.07571121725710636,0.1331719940412944,1.4175464419184913,0.157804023245828,0.0,void_in_cloud_or_compensated,True
7367.0,131,0.09356,5.71,275.0504599702772,2.5,169,0.0,0.0,0.0,0.0,0.278372229296109,0.08409027409556658,0.282004021433315,1.8407658631405044,0.2374071460906523,0.0,void_in_cloud_or_compensated,True
50359.0,132,0.07406,10.24,218.63492345511025,0.8,256,0.0,0.0,0.0,0.0,0.045517158602823786,0.04459304442548355,0.014563373842706099,5.590261300379951,1.3777941613909306,-0.018966546101001108,void_in_void,True
50359.0,132,0.07406,10.24,218.63492345511025,1.0,256,0.0,0.0,0.0,0.0,0.05927556422520721,0.058120540719849706,0.017576159810984808,6.9873462477836705,2.2339282983798454,-0.018966546101001108,void_in_void,True
50359.0,132,0.07406,10.24,218.63492345511025,1.25,256,0.0,0.0,0.0,0.0,0.0716938466110869,0.07024905951359378,0.014388265827951186,8.736913220238154,3.7106073735546947,-0.018966546101001108,void_in_void,True
50359.0,132,0.07406,10.24,218.63492345511025,1.5507603954646239,256,0.0,0.0,0.0,0.0,0.09039489201352963,0.08860225839312266,0.01811609087895688,10.834256164300855,6.287114313588192,-0.018966546101001108,void_in_void,True
50359.0,132,0.07406,10.24,218.63492345511025,2.0,240,0.0,-0.019631776114866176,0.0,0.0,0.26494838529228826,1.7025341800979175,1.9435777301037889,14.340657528735392,12.398477180232007,-0.018966546101001108,void_in_void,True
50359.0,132,0.07406,10.24,218.63492345511025,2.5,217,0.0,-0.018966546101001108,0.0,0.0,2.3207408304455304,7.067385391023144,8.97246734057801,18.696171739198125,16.57590833016322,-0.018966546101001108,void_in_void,True
60791.0,134,0.07723,16.21,227.83921769519924,0.8,256,0.0,0.0,0.0,0.0,0.07098385550205953,0.07124503675509555,0.031075615721153863,7.957050036237484,2.5764968032604,-0.06734567010352376,void_in_void,True
60791.0,134,0.07723,16.21,227.83921769519924,1.0,256,0.0,0.0,0.0,0.0,0.091410234394111,0.09173931333725521,0.03040612439313941,9.946859097308263,4.1054985073103625,-0.06734567010352376,void_in_void,True
60791.0,134,0.07723,16.21,227.83921769519924,1.25,255,0.0,0.0,0.0,0.0,0.07948845757844107,0.16576026473354938,0.03305262095108038,12.443354952566107,6.620953720585252,-0.06734567010352376,void_in_void,True
60791.0,134,0.07723,16.21,227.83921769519924,1.5507603954646239,230,0.0,0.0,0.0,0.0,-1.3986517185405407,1.7160496040913311,2.216824861018674,16.658570772648687,10.670972847517808,-0.06734567010352376,void_in_void,True
60791.0,134,0.07723,16.21,227.83921769519924,2.0,207,0.0,-0.0315884208897397,0.0,0.0,-3.0607794053479744,6.3449955884863485,10.69332714685149,24.305065919056496,16.914966084884753,-0.06734567010352376,void_in_void,True
60791.0,134,0.07723,16.21,227.83921769519924,2.5,191,0.0,-0.06734567010352376,0.0,0.0,1.9760992095011887,23.227615981454534,32.162288446812916,37.658033275486204,30.35329307107805,-0.06734567010352376,void_in_void,False
39152.0,135,0.08454,9.85,249.01527545733356,0.8,256,0.0,0.0,0.0,0.0,0.044581827375832814,0.04431071731184674,0.001750469705710255,3.975371250080656,0.3785738477149388,0.0,void_in_cloud_or_compensated,True
39152.0,135,0.08454,9.85,249.01527545733356,1.0,256,0.0,0.0,0.0,0.0,0.055402845531287555,0.05506361932843241,0.0011807604875031547,4.969348646571213,0.5934033197671811,0.0,void_in_cloud_or_compensated,True
39152.0,135,0.08454,9.85,249.01527545733356,1.25,256,0.0,0.0,0.0,0.0,0.0689334771770035,0.06850919569243989,0.0006553744584685313,6.211514530793542,0.9300006349698451,0.0,void_in_cloud_or_compensated,True
39152.0,135,0.08454,9.85,249.01527545733356,1.5507603954646239,256,0.0,0.0,0.0,0.0,0.0854948135267315,0.08496855240597395,0.001105177535322088,7.706399111066365,1.438096847504381,0.0,void_in_cloud_or_compensated,True
39152.0,135,0.08454,9.85,249.01527545733356,2.0,256,0.0,0.0,0.0,0.0,0.11075154612942256,0.11007303474208074,0.001564396264929775,9.937785461770375,2.4111583650121857,0.0,void_in_cloud_or_compensated,True
39152.0,135,0.08454,9.85,249.01527545733356,2.5,256,0.0,0.0,0.0,0.0,0.13735190932504854,0.13650336046947997,0.0006946280714424796,12.4232998427288,3.8169370109908733,0.0,void_in_cloud_or_compensated,True
37426.0,136,0.06707,8.99,198.29374981207124,0.8,256,-0.44590607915048874,-0.19348152859285234,-0.14819515581923157,0.0,25.316010883125593,25.311276158807452,15.504673622243741,20.61558854362922,11.896754670170132,-0.09952112948156065,void_in_void,True
37426.0,136,0.06707,8.99,198.29374981207124,1.0,256,-0.44590607915048874,-0.1574994200783407,-0.06657913944398773,0.0,27.186582065720742,27.18010649504586,19.636937893189994,22.095889768412842,15.487155381562639,-0.09952112948156065,void_in_void,True
37426.0,136,0.06707,8.99,198.29374981207124,1.25,256,-0.44590607915048874,-0.11672484220004578,0.0,0.0,27.943662552582325,27.935220347440087,23.81016270887145,22.729406779919195,18.362297486525907,-0.09952112948156065,void_in_void,True
37426.0,136,0.06707,8.99,198.29374981207124,1.5507603954646239,256,-0.44590607915048874,-0.08887690410368018,0.0,0.0,27.577198816263564,27.56755446195006,28.69849383886315,24.432059054476305,18.480638381111042,-0.09952112948156065,void_in_void,True
37426.0,136,0.06707,8.99,198.29374981207124,2.0,256,-0.44590607915048874,-0.09516601338145125,0.0,0.0,28.678222198133426,28.669533312994307,35.84251969573464,32.88557604443736,21.537374591525246,-0.09952112948156065,void_in_void,True
37426.0,136,0.06707,8.99,198.29374981207124,2.5,256,-0.44590607915048874,-0.09952112948156065,0.0,0.0,34.25581692538564,34.24861001690765,38.54978519778528,39.53113444884902,31.175770073194588,-0.09952112948156065,void_in_void,False
25630.0,137,0.07878,6.42,232.33506675043418,0.8,256,0.0,0.0,0.0,0.0,0.02994659458701716,0.029663309819145424,0.04762078217566281,1.3494516424961633,0.14231086385126743,0.0,void_in_cloud_or_compensated,True
25630.0,137,0.07878,6.42,232.33506675043418,1.0,256,0.0,0.0,0.0,0.0,0.03492878230721631,0.034577331057945665,0.04155571966824784,1.6844174954450537,0.21863976388700684,0.0,void_in_cloud_or_compensated,True
25630.0,137,0.07878,6.42,232.33506675043418,1.25,256,0.0,0.0,0.0,0.0,0.046878580677324186,0.04643746701189909,0.046642473401080194,2.1084698769351933,0.3444157319876403,0.0,void_in_cloud_or_compensated,True
25630.0,137,0.07878,6.42,232.33506675043418,1.5507603954646239,256,0.0,0.0,0.0,0.0,0.05504540250782862,0.05449905753843342,0.044454228327877994,2.615052071615892,0.5322023343282886,0.0,void_in_cloud_or_compensated,True
25630.0,137,0.07878,6.42,232.33506675043418,2.0,256,0.0,0.0,0.0,0.0,0.07240761824671336,0.07170360785329877,0.04277381999377369,3.3716336753727716,0.9007540187326041,0.0,void_in_cloud_or_compensated,True
25630.0,137,0.07878,6.42,232.33506675043418,2.5,256,0.0,0.0,0.0,0.0,0.09077568696888182,0.0898955726925259,0.046248022828944746,4.2172586166449575,1.4460428542736967,0.0,void_in_cloud_or_compensated,True
59928.0,138,0.07994,8.57,235.69769197568323,0.8,256,0.0,0.0,0.0,0.0,0.03834690587524699,0.039592270519060765,0.010840460917747775,5.475639682271467,0.5208607181401733,0.0,void_in_cloud_or_compensated,True
59928.0,138,0.07994,8.57,235.69769197568323,1.0,256,0.0,0.0,0.0,0.0,0.04800302113342342,0.04955953202404657,0.01148725044946078,6.844183932656895,0.8164269239446957,0.0,void_in_cloud_or_compensated,True
59928.0,138,0.07994,8.57,235.69769197568323,1.25,256,0.0,0.0,0.0,0.0,0.05919618322354741,0.06114236552955317,0.013068407356098094,8.555936233056316,1.2799027208245584,0.0,void_in_cloud_or_compensated,True
59928.0,138,0.07994,8.57,235.69769197568323,1.5507603954646239,256,0.0,0.0,0.0,0.0,0.07396702680964905,0.0763824957201348,0.011471392438810082,10.613558325366828,1.9771554434158503,0.0,void_in_cloud_or_compensated,True
59928.0,138,0.07994,8.57,235.69769197568323,2.0,256,0.0,0.0,0.0,0.0,0.09406306580829084,0.09717820638294525,0.012472269885977228,13.688388862072056,3.3228491105839275,0.0,void_in_cloud_or_compensated,True
59928.0,138,0.07994,8.57,235.69769197568323,2.5,256,0.0,0.0,0.0,0.0,0.11904266327027935,0.12293567097906086,0.011246578377339294,17.108365100855153,5.2648436848725275,0.0,void_in_cloud_or_compensated,True
38332.0,139,0.05969,10.28,176.75028158398132,0.8,256,-0.16070757106219075,0.1875445534796742,0.10920129857334604,0.7325812059885066,-11.274669514160346,-11.275709660196764,46.217266073698205,54.78865482168475,14.541003143046325,0.015967965032972993,void_in_cloud_or_compensated,False
38332.0,139,0.05969,10.28,176.75028158398132,1.0,256,-0.16070757106219075,0.2196578219652474,0.14076236816594603,0.7312645089285832,-22.278034248282125,-22.27987341163768,61.956850083611656,59.353035521427124,20.164134988781065,0.015967965032972993,void_in_cloud_or_compensated,False
38332.0,139,0.05969,10.28,176.75028158398132,1.25,256,-0.16070757106219075,0.1866733516259709,0.060275670905656616,0.6680426208492859,-32.77032647026394,-32.775657253614824,76.087838092301,58.61625907714107,26.614091900658508,0.015967965032972993,void_in_cloud_or_compensated,False
38332.0,139,0.05969,10.28,176.75028158398132,1.5507603954646239,256,-0.16070757106219075,0.11450923169381663,-0.05056676100514439,0.5360778428981237,-37.18204102240222,-37.194053098563394,84.29461691210555,49.52386277122231,36.17193657316344,0.015967965032972993,void_in_cloud_or_compensated,False
38332.0,139,0.05969,10.28,176.75028158398132,2.0,256,-0.16070757106219075,0.06309303458988658,-0.09540539632539202,0.5201504838071583,-35.23503404056461,-35.25588784586252,87.38609307661078,41.86768710641122,61.63935610462141,0.015967965032972993,void_in_cloud_or_compensated,False
38332.0,139,0.05969,10.28,176.75028158398132,2.5,256,-0.16070757106219075,0.015967965032972993,-0.13404696908268415,0.42178872671020984,-29.74295888945685,-29.769453115106607,90.29777957915404,47.344725907887195,74.78479321097164,0.015967965032972993,void_in_cloud_or_compensated,False
60278.0,140,0.06468,25.29,191.32449936055642,0.8,215,-0.5060616610722406,-0.045129251429355775,-0.062133897383464864,0.22916348911710138,66.67227981146272,71.08639882290436,15.241836631407722,38.55392464741102,41.86766095730125,-0.13501955834583115,void_in_void,False
60278.0,140,0.06468,25.29,191.32449936055642,1.0,198,-0.5060616610722406,0.09239126618415291,-0.01410605356508084,0.5269785565543545,46.390300363538444,42.07123560122009,25.508089060436454,28.322612018970204,43.99792380000937,-0.13501955834583115,void_in_void,True
60278.0,140,0.06468,25.29,191.32449936055642,1.25,184,-0.5060616610722406,0.05132147826096178,-0.05515393465360589,0.36697225185382054,48.97972743338944,10.612443453432258,71.8831696799633,81.90404070599901,35.332890044095684,-0.13501955834583115,void_in_void,False
60278.0,140,0.06468,25.29,191.32449936055642,1.5507603954646239,173,-0.5060616610722406,-0.13848389479145864,-0.2245947796943855,0.09660470473289874,74.66110942073286,25.457745024865805,81.15077212057604,97.30613376440986,44.25269019295403,-0.13501955834583115,void_in_void,False
60278.0,140,0.06468,25.29,191.32449936055642,2.0,163,-0.5060616610722406,-0.1578495319234874,-0.271580512898862,0.003797987105008778,103.79643952266898,82.32437550305532,34.099196097426606,65.1016798604407,53.467738885499315,-0.13501955834583115,void_in_void,False
60278.0,140,0.06468,25.29,191.32449936055642,2.5,156,-0.5060616610722406,-0.13501955834583115,-0.21696389219263998,0.055307944113129996,111.56502739419513,115.60413184956582,21.13352987146881,55.57475870258537,71.25197328494447,-0.13501955834583115,void_in_void,False
41998.0,145,0.05796,13.05,171.69013646306334,0.8,256,-0.38510694431158204,-0.009089323769704671,-0.13448627372071748,0.3218825452677986,17.88752105268668,17.87646704504727,32.290569869955775,53.06086871682403,34.6025584111925,-0.17786904650331686,void_in_void,False
41998.0,145,0.05796,13.05,171.69013646306334,1.0,256,-0.38510694431158204,0.04378314945900866,-0.14239993481835228,0.479492130197408,9.332364688968202,9.322334797387173,46.02296621402397,47.00329875499126,40.283706747231264,-0.17786904650331686,void_in_void,False
41998.0,145,0.05796,13.05,171.69013646306334,1.25,256,-0.38510694431158204,0.06705183139567471,-0.15594157977666998,0.543370627027209,-0.5319224312667646,-0.5376670735575502,58.19688741821306,33.643637915432144,38.23108032722894,-0.17786904650331686,void_in_void,True
41998.0,145,0.05796,13.05,171.69013646306334,1.5507603954646239,256,-0.38510694431158204,0.06423178507584731,-0.189759193260606,0.5709207377783426,-9.694957656206977,-9.69550485943186,57.80764829482721,33.47695220320846,33.11610119514471,-0.17786904650331686,void_in_void,True
41998.0,145,0.05796,13.05,171.69013646306334,2.0,256,-0.38510694431158204,-0.08155648473085597,-0.26089521284049655,0.3744048149391064,-4.855595600019958,-4.858268650186245,37.41451441481059,52.75400010164034,41.985414132158134,-0.17786904650331686,void_in_void,False
41998.0,145,0.05796,13.05,171.69013646306334,2.5,256,-0.38510694431158204,-0.17786904650331686,-0.3077964576389555,0.18764319559720635,31.23262549168842,31.221684498181727,29.85920853039846,53.94722059098277,60.642737662826406,-0.17786904650331686,void_in_void,False
38018.0,146,0.06907,6.49,204.12018011964497,0.8,256,0.0,-0.047780460235430214,0.0,0.0,1.3060314618949933,1.3063753005328207,1.9679468438646845,18.971378351032236,2.224626135893853,-0.15130982743582663,void_in_void,True
38018.0,146,0.06907,6.49,204.12018011964497,1.0,256,0.0,-0.08221988309986426,0.0,0.0,3.9004285728524994,3.9000014041352067,5.865495072511872,20.604569048322567,3.2125049545177466,-0.15130982743582663,void_in_void,True
38018.0,146,0.06907,6.49,204.12018011964497,1.25,256,0.0,-0.11149575565030717,0.0,0.0,8.109517596231179,8.107823574229393,11.924815243839841,22.107998730351493,4.398704700215551,-0.15130982743582663,void_in_void,True
38018.0,146,0.06907,6.49,204.12018011964497,1.5507603954646239,256,0.0,-0.13344368578854127,0.0,0.0,13.75847206553593,13.754891354049025,19.804532325440977,24.10070428120054,5.772443371615647,-0.15130982743582663,void_in_void,True
38018.0,146,0.06907,6.49,204.12018011964497,2.0,256,0.0,-0.14171068880516371,0.0,0.0,22.219107052408013,22.212286767391756,31.588296756699005,27.71120712394614,9.013851168402136,-0.15130982743582663,void_in_void,True
38018.0,146,0.06907,6.49,204.12018011964497,2.5,256,0.0,-0.15130982743582663,0.0,0.0,30.91384530849239,30.90315905550659,44.196591795135916,32.21556646157075,15.417040641128745,-0.15130982743582663,void_in_void,True
45378.0,147,0.06455,15.23,190.9452108272933,0.8,256,-0.3148708612973029,-0.03926768424003516,-0.08543145529430513,0.3073485257869764,38.298766683660595,38.28984069442185,42.35760110110349,50.76020392673006,26.38633214944727,-0.07800506267663311,void_in_void,False
45378.0,147,0.06455,15.23,190.9452108272933,1.0,256,-0.3148708612973029,0.08605814113957015,0.0,0.458438619146148,21.009623473561838,20.996423588188996,62.23478267867969,59.39044459410669,31.750137744845468,-0.07800506267663311,void_in_void,False
45378.0,147,0.06455,15.23,190.9452108272933,1.25,256,-0.3148708612973029,0.14208631012697465,0.0,0.532668833378483,-2.79248856351687,-2.8050248337897408,81.13600298327711,59.09733728983684,35.989481407933596,-0.07800506267663311,void_in_void,False
45378.0,147,0.06455,15.23,190.9452108272933,1.5507603954646239,256,-0.3148708612973029,0.12029553529787482,0.0,0.47961509435551,-24.06145149816035,-24.066911528939578,93.50620367709588,46.98760214372037,45.73037046777238,-0.07800506267663311,void_in_void,False
45378.0,147,0.06455,15.23,190.9452108272933,2.0,230,-0.3148708612973029,-0.016148818358504236,0.0,0.16581079103334398,-23.655760420355712,-29.324575276769973,87.4560682768904,34.25883713020344,54.997064639236605,-0.07800506267663311,void_in_void,True
45378.0,147,0.06455,15.23,190.9452108272933,2.5,210,-0.3148708612973029,-0.07800506267663311,0.0,0.18836452236540055,-11.307159410053604,-6.955344372382593,62.46874232926773,49.5980562837104,57.611075166176896,-0.07800506267663311,void_in_void,False
45733.0,148,0.0794,5.55,234.13254612942575,0.8,256,0.0,0.0,0.0,0.0,0.0249302136561418,0.024674326508895394,0.007313509740541514,2.363724138554505,0.20813196081975557,0.0,void_in_cloud_or_compensated,True
45733.0,148,0.0794,5.55,234.13254612942575,1.0,256,0.0,0.0,0.0,0.0,0.031035257979730873,0.030715327958867892,0.011141021668967205,2.952633453610081,0.32753175282849134,0.0,void_in_cloud_or_compensated,True
45733.0,148,0.0794,5.55,234.13254612942575,1.25,256,0.0,0.0,0.0,0.0,0.03811104030658657,0.037709006362392,0.006325795769905974,3.6912258992907128,0.5143364890169908,0.0,void_in_cloud_or_compensated,True
45733.0,148,0.0794,5.55,234.13254612942575,1.5507603954646239,256,0.0,0.0,0.0,0.0,0.04911104734117232,0.04861212435997564,0.007895594395971928,4.579613320264641,0.7948216815395703,0.0,void_in_cloud_or_compensated,True
45733.0,148,0.0794,5.55,234.13254612942575,2.0,256,0.0,0.0,0.0,0.0,0.06214384336602728,0.06150002960529942,0.009133126577412484,5.906717734474875,1.3319607052008342,0.0,void_in_cloud_or_compensated,True
45733.0,148,0.0794,5.55,234.13254612942575,2.5,256,0.0,0.0,0.0,0.0,0.07914273080468386,0.07833656610391851,0.007572241020678724,7.38445050091166,2.106182182994494,0.0,void_in_cloud_or_compensated,True
1121.0,149,0.07212,5.12,212.99568657062989,0.8,256,0.0,0.0,0.0,0.0,0.01654060320645853,0.01471324233833042,0.013474898474547798,6.341097652388559,0.6361385236083864,-0.0040956565538716,void_in_void,True
1121.0,149,0.07212,5.12,212.99568657062989,1.0,256,0.0,0.0,0.0,0.0,0.03276630119992897,0.03047892323676349,0.009738897359816595,7.917940494886236,0.9830088311293583,-0.0040956565538716,void_in_void,True
1121.0,149,0.07212,5.12,212.99568657062989,1.25,256,0.0,0.0,0.0,0.0,0.03157361545014533,0.028717643819661243,0.016338029943191078,9.903071387287172,1.5330069848427885,-0.0040956565538716,void_in_void,True
1121.0,149,0.07212,5.12,212.99568657062989,1.5507603954646239,256,0.0,0.0,0.0,0.0,0.04780313373688417,0.04425537564873888,0.011536053311939716,12.28117501935007,2.3881972141675005,-0.0040956565538716,void_in_void,True
1121.0,149,0.07212,5.12,212.99568657062989,2.0,254,0.0,0.0,0.0,0.0,0.03049012393774707,0.17081236320460716,0.041790451239237074,15.849512615901517,4.049858939058401,-0.0040956565538716,void_in_void,True
1121.0,149,0.07212,5.12,212.99568657062989,2.5,229,0.0,-0.0040956565538716,0.0,0.0,-0.7940506738315865,2.003324923061796,1.4619616141049523,20.3024432906054,6.088847846235472,-0.0040956565538716,void_in_void,True
44198.0,150,0.06641,13.21,196.369912012065,0.8,256,-0.4919613609696141,-0.31034584002645843,-0.45349284077122126,0.0,54.01730503728445,54.02539773014981,26.621667803510014,34.455694877348144,15.341058704417103,-0.0826289593862653,void_in_void,True
44198.0,150,0.06641,13.21,196.369912012065,1.0,256,-0.4919613609696141,-0.27022189521601636,-0.3580480190011641,0.0,61.386383690799384,61.39454951354377,36.927782326820015,40.78125762425058,21.02714812895263,-0.0826289593862653,void_in_void,False
44198.0,150,0.06641,13.21,196.369912012065,1.25,256,-0.4919613609696141,-0.21153540145092872,-0.15440887672081005,0.0,67.02278014958755,67.0313848541308,47.40631512450249,49.22121688609967,28.034361914931573,-0.0826289593862653,void_in_void,False
44198.0,150,0.06641,13.21,196.369912012065,1.5507603954646239,256,-0.4919613609696141,-0.14700132544631386,0.0,0.0,67.9115301406871,67.92177119142691,54.986787624889054,58.18173849435686,33.00639110045517,-0.0826289593862653,void_in_void,False
44198.0,150,0.06641,13.21,196.369912012065,2.0,256,-0.4919613609696141,-0.11707005868880041,0.0,0.0,66.03913930700928,66.05177595199169,59.87926776638093,64.2627891633601,37.698630838518824,-0.0826289593862653,void_in_void,False
44198.0,150,0.06641,13.21,196.369912012065,2.5,256,-0.4919613609696141,-0.0826289593862653,0.0,0.0,66.85852989993599,66.8712133477272,63.6848546820032,57.50936233652717,42.87433055604704,-0.0826289593862653,void_in_void,False
33415.0,152,0.07598,7.0,224.21129644948792,0.8,182,0.0,0.0,0.0,0.0,-0.27042221832865015,0.6445229927922974,0.41454044359828346,4.042558555052471,0.34763452344635337,0.0,void_in_cloud_or_compensated,True
33415.0,152,0.07598,7.0,224.21129644948792,1.0,169,0.0,0.0,0.0,0.0,-0.5637236478651307,0.7262620545175422,0.8523080006543691,5.316831564809437,0.49677194017064535,0.0,void_in_cloud_or_compensated,True
33415.0,152,0.07598,7.0,224.21129644948792,1.25,161,0.0,0.0,0.0,0.0,-1.1759800352199474,0.868263536980094,1.6551038885396638,7.171123272956466,0.7748139220571633,0.0,void_in_cloud_or_compensated,True
33415.0,152,0.07598,7.0,224.21129644948792,1.5507603954646239,154,0.0,0.0,0.0,0.0,-2.353783216101189,0.9891257159620555,3.1902012413317866,9.750736851816567,1.1832342895383108,0.0,void_in_cloud_or_compensated,True
33415.0,152,0.07598,7.0,224.21129644948792,2.0,150,0.0,0.0,0.0,0.0,-4.134198285514555,1.1907828107095013,5.615297134977621,13.763947986304832,2.1943489719744917,0.0,void_in_cloud_or_compensated,True
33415.0,152,0.07598,7.0,224.21129644948792,2.5,146,0.0,0.0,0.0,0.0,-7.009778604346459,1.3643667108735358,9.560768098341846,19.169185849467908,3.823408991361761,0.0,void_in_cloud_or_compensated,True
37635.0,153,0.09661,7.72,283.83023471099267,0.8,256,0.0,0.0,0.0,0.0,0.0346569757104382,0.03451247852105394,0.0006366129485941444,1.3440123309887355,0.08216843745036945,0.0,void_in_cloud_or_compensated,True
37635.0,153,0.09661,7.72,283.83023471099267,1.0,256,0.0,0.0,0.0,0.0,0.04338160253264687,0.04320097051660126,0.000668956982806274,1.6801079812765938,0.12840166534780817,0.0,void_in_cloud_or_compensated,True
37635.0,153,0.09661,7.72,283.83023471099267,1.25,256,0.0,0.0,0.0,0.0,0.05419117382674551,0.05396532666889438,0.0005358110549144683,2.100030040504122,0.20097302555767593,0.0,void_in_cloud_or_compensated,True
37635.0,153,0.09661,7.72,283.83023471099267,1.5507603954646239,256,0.0,0.0,0.0,0.0,0.06732313317833633,0.06704288821588941,0.0005590950432001147,2.60534487313614,0.30996597583167335,0.0,void_in_cloud_or_compensated,True
37635.0,153,0.09661,7.72,283.83023471099267,2.0,256,0.0,0.0,0.0,0.0,0.08664470748742886,0.08628327255715931,0.0005585029663728298,3.36008780420093,0.517379061818079,0.0,void_in_cloud_or_compensated,True
37635.0,153,0.09661,7.72,283.83023471099267,2.5,256,0.0,0.0,0.0,0.0,0.10832080451774269,0.10786897948210177,0.0006039153715983135,4.200132105321276,0.81259088268123,0.0,void_in_cloud_or_compensated,True
20253.0,154,0.05749,5.42,170.31476125088645,0.8,256,0.26391905442675,0.29729051635462295,0.26346874046409263,0.6711453424026462,-18.323643020794073,-18.330541009891764,18.94228630911676,32.88783888409332,10.567690953743204,0.04233313633330595,void_in_cloud_or_compensated,True
20253.0,154,0.05749,5.42,170.31476125088645,1.0,256,0.26391905442675,0.28554119729646155,0.24582234862910873,0.68627703144068,-22.723031703686207,-22.73097211425145,27.132711308398118,36.776134418250635,15.04440993018136,0.04233313633330595,void_in_cloud_or_compensated,False
20253.0,154,0.05749,5.42,170.31476125088645,1.25,256,0.26391905442675,0.2558349484538052,0.2027247309573049,0.7018232298364182,-27.343788725946258,-27.352790540008616,37.21968007754616,39.20321887424196,19.940301856277873,0.04233313633330595,void_in_cloud_or_compensated,False
20253.0,154,0.05749,5.42,170.31476125088645,1.5507603954646239,256,0.26391905442675,0.19013365608809094,0.0988785944486783,0.6101882520800149,-30.446910541474725,-30.45695939344839,47.24655467496885,39.94851539997389,24.724861563035592,0.04233313633330595,void_in_cloud_or_compensated,False
20253.0,154,0.05749,5.42,170.31476125088645,2.0,256,0.26391905442675,0.09526752229152977,-0.011224285709926417,0.5968735437290509,-29.32549078586484,-29.3362863486702,55.22545504784676,38.95670941244685,28.70351195977668,0.04233313633330595,void_in_cloud_or_compensated,False
20253.0,154,0.05749,5.42,170.31476125088645,2.5,256,0.26391905442675,0.04233313633330595,-0.1119388785073103,0.6141903091561611,-24.749750704387157,-24.759769852542835,56.853301004521654,36.39222041233302,27.788567472506962,0.04233313633330595,void_in_cloud_or_compensated,False
58725.0,155,0.07428,8.02,219.27412152002054,0.8,256,0.0,0.0,0.0,0.0,0.036089197507964,0.03555007721381098,0.0032420673110491434,4.206999079052851,0.86092728235437,-0.0068418605165114,void_in_void,True
58725.0,155,0.07428,8.02,219.27412152002054,1.0,256,0.0,0.0,0.0,0.0,0.04519032808841019,0.044515413558136596,0.0059144597363466195,5.259574849039312,1.3554958378743498,-0.0068418605165114,void_in_void,True
58725.0,155,0.07428,8.02,219.27412152002054,1.25,256,0.0,0.0,0.0,0.0,0.05738537770536339,0.05654208569758984,0.00503948367114286,6.576220207077682,2.1469957356794906,-0.0068418605165114,void_in_void,True
58725.0,155,0.07428,8.02,219.27412152002054,1.5507603954646239,256,0.0,0.0,0.0,0.0,0.07095719768310636,0.0699106679564091,0.00547789748273364,8.15575471566255,3.365065866007756,-0.0068418605165114,void_in_void,True
58725.0,155,0.07428,8.02,219.27412152002054,2.0,256,0.0,0.0,0.0,0.0,0.09261271199634646,0.09126144326977793,0.007118307328794387,10.52037502045642,5.828666111063627,-0.0068418605165114,void_in_void,True
58725.0,155,0.07428,8.02,219.27412152002054,2.5,256,0.0,-0.0068418605165114,0.0,0.0,0.28620223814130513,0.28456292962518204,0.2847934534615535,12.882402151713569,9.245624638712956,-0.0068418605165114,void_in_void,True
45688.0,157,0.05477,16.33,162.3496628018951,0.8,256,-0.5406771557692545,0.023557526026860995,-0.16406515765857965,0.6260542857977315,23.191113268799374,23.21854070500706,84.6985695832004,42.706214615347,34.789570620191576,-0.11228422414528687,void_in_void,False
45688.0,157,0.05477,16.33,162.3496628018951,1.0,256,-0.5406771557692545,0.03721719508870669,-0.12904488689359078,0.6099814620184086,9.985271170703472,10.023092388704306,117.82469963273745,58.594019290956155,36.07244297340309,-0.11228422414528687,void_in_void,False
45688.0,157,0.05477,16.33,162.3496628018951,1.25,256,-0.5406771557692545,-0.0980787367415745,-0.24378126250499255,0.3765598097176351,10.2209619201419,10.263041686013693,143.9758805207546,65.16730092502107,38.76089063522971,-0.11228422414528687,void_in_void,False
45688.0,157,0.05477,16.33,162.3496628018951,1.5507603954646239,256,-0.5406771557692545,-0.2169009174779274,-0.40482518278832,0.07970614103155628,36.911048435529004,36.94689959243676,160.48624904180423,54.04708470241934,51.40570297066235,-0.11228422414528687,void_in_void,False
45688.0,157,0.05477,16.33,162.3496628018951,2.0,256,-0.5406771557692545,-0.18947118207420025,-0.418460700058893,0.2708710682869577,74.37397776209569,74.39939637920999,185.88982914989361,52.15677603472493,69.15040108123299,-0.11228422414528687,void_in_void,False
45688.0,157,0.05477,16.33,162.3496628018951,2.5,256,-0.5406771557692545,-0.11228422414528687,-0.3160633875064009,0.32768630954251693,92.18534537777145,92.20833047183145,187.76681232632197,60.360554493300164,65.83847203259039,-0.11228422414528687,void_in_void,False
43103.0,158,0.06088,6.05,180.22876116878268,0.8,256,-0.4032123205234449,-0.3489079130581203,-0.41569665445914705,-0.13309653653592854,25.50773993512573,25.505283426835945,9.778134274840431,20.082135920690217,5.432910467869373,-0.1759634014166938,void_in_void,True
43103.0,158,0.06088,6.05,180.22876116878268,1.0,256,-0.4032123205234449,-0.3261462931824081,-0.41935854848106024,-0.05038020446914254,30.535474322114148,30.533154862722306,15.094740483256016,23.307060651232646,7.86866404391249,-0.1759634014166938,void_in_void,True
43103.0,158,0.06088,6.05,180.22876116878268,1.25,256,-0.4032123205234449,-0.2967512238680878,-0.41410841142191335,0.014507248277171174,35.89179934499127,35.8898849912423,22.889955401803412,26.59472156207972,11.180264316771543,-0.1759634014166938,void_in_void,True
43103.0,158,0.06088,6.05,180.22876116878268,1.5507603954646239,256,-0.4032123205234449,-0.27429431515597685,-0.40877334230441664,0.037455024723221604,41.4305376838707,41.428993206728286,32.8784345159107,30.306620518498683,15.16980595752141,-0.1759634014166938,void_in_void,True
43103.0,158,0.06088,6.05,180.22876116878268,2.0,256,-0.4032123205234449,-0.22910134299036966,-0.33464852637258835,0.1308302206731829,48.20266106988145,48.200266271798924,46.37181339413987,37.7047551474813,20.876080125068015,-0.1759634014166938,void_in_void,False
43103.0,158,0.06088,6.05,180.22876116878268,2.5,256,-0.4032123205234449,-0.1759634014166938,-0.30307141501332785,0.18030869228260044,52.11979127681628,52.114082267303516,59.67563242097809,48.24654021944172,26.89390913673611,-0.1759634014166938,void_in_void,False
60418.0,159,0.07635,7.33,225.285369108481,0.8,256,0.0,0.0,0.0,0.0,0.03378348285915487,0.03482900713035578,0.00971532730624021,6.500987042693524,0.5705074532043652,0.0,void_in_cloud_or_compensated,True
60418.0,159,0.07635,7.33,225.285369108481,1.0,256,0.0,0.0,0.0,0.0,0.03962480922994062,0.04093120523042634,0.010350877173472162,8.126710924975427,0.8908625428195647,0.0,void_in_cloud_or_compensated,True
60418.0,159,0.07635,7.33,225.285369108481,1.25,256,0.0,0.0,0.0,0.0,0.05192083045741241,0.053554042253771486,0.011251288230174685,10.15816937447093,1.3978871652923235,0.0,void_in_cloud_or_compensated,True
60418.0,159,0.07635,7.33,225.285369108481,1.5507603954646239,256,0.0,0.0,0.0,0.0,0.06431708732282787,0.06634180409526855,0.009800302729228756,12.601207711522845,2.157885606610737,0.0,void_in_cloud_or_compensated,True
60418.0,159,0.07635,7.33,225.285369108481,2.0,256,0.0,0.0,0.0,0.0,0.0806042221999442,0.08321504672184404,0.010388654899068197,16.25135818072799,3.6255122224951033,0.0,void_in_cloud_or_compensated,True
60418.0,159,0.07635,7.33,225.285369108481,2.5,256,0.0,0.0,0.0,0.0,0.09980885264828261,0.10307220421426327,0.010299088923044398,20.31371156926898,5.744541462195011,0.0,void_in_cloud_or_compensated,True
40245.0,161,0.06348,16.06,187.82255989700568,0.8,256,-0.5122701325554462,-0.3214982451471231,-0.3969613241718867,-0.11152845300050337,76.7732540046096,76.7715033251645,4.269021882360432,21.775729608732334,26.206300367818155,-0.2325083824704266,void_in_void,True
40245.0,161,0.06348,16.06,187.82255989700568,1.0,256,-0.5122701325554462,-0.15147010729060253,-0.24476457987149255,0.1479911766798739,74.86025256789222,74.85979005775218,11.689597643696253,16.18073399429111,32.282285699005435,-0.2325083824704266,void_in_void,True
40245.0,161,0.06348,16.06,187.82255989700568,1.25,254,-0.5122701325554462,-0.009243069584844166,-0.03387284929415311,0.40255347005714515,57.2465199828443,57.051868002303024,25.020472277372402,20.932727915525955,31.873063835549512,-0.2325083824704266,void_in_void,True
40245.0,161,0.06348,16.06,187.82255989700568,1.5507603954646239,229,-0.5122701325554462,-0.05743144808649048,-0.10393210399588233,0.24820048346699503,44.16764000019276,41.18271249070945,32.96751299221921,44.4572604585775,27.320012440329958,-0.2325083824704266,void_in_void,False
40245.0,161,0.06348,16.06,187.82255989700568,2.0,206,-0.5122701325554462,-0.22629180284925776,-0.3645803267572145,0.0,65.45796058145007,68.80890780922218,42.81655199891101,45.51169579530397,32.03841887451492,-0.2325083824704266,void_in_void,False
40245.0,161,0.06348,16.06,187.82255989700568,2.5,191,-0.5122701325554462,-0.2325083824704266,-0.31028838536940184,0.0,98.53537786537191,116.0999258065006,59.55110663042567,41.382443780871206,41.21011357383499,-0.2325083824704266,void_in_void,False
61407.0,171,0.07137,9.96,210.8142833853779,0.8,256,0.0,0.0,0.0,0.0,0.04113508338008346,0.04456696184187675,0.04037587915603861,15.623214458180174,3.627456287243201,-0.06225249717365916,void_in_void,True
61407.0,171,0.07137,9.96,210.8142833853779,1.0,256,0.0,-0.000565708717246534,0.0,0.0,0.05577537356431353,0.06006546594768075,0.03254741859955264,19.536196146729743,5.80703691559602,-0.06225249717365916,void_in_void,True
61407.0,171,0.07137,9.96,210.8142833853779,1.25,256,0.0,-0.025832647704985744,0.0,0.0,1.1110330905124495,1.116729732543849,1.7147175345732988,24.64176951257601,9.048031499588351,-0.06225249717365916,void_in_void,True
61407.0,171,0.07137,9.96,210.8142833853779,1.5507603954646239,256,0.0,-0.05129957648004696,0.0,0.0,4.9301259611837365,4.9380966750781665,7.7051545682400455,32.42357437495963,15.771269059490967,-0.06225249717365916,void_in_void,True
61407.0,171,0.07137,9.96,210.8142833853779,2.0,256,0.0,-0.06741670155090271,0.0,0.0,12.248588074280256,12.259609516489245,18.56559934286873,44.927945153693955,30.318992267979663,-0.06225249717365916,void_in_void,False
61407.0,171,0.07137,9.96,210.8142833853779,2.5,244,0.0,-0.06225249717365916,0.0,0.0,18.049765399825443,21.46481660574539,30.64883102329355,52.29718543156493,38.66107379177201,-0.06225249717365916,void_in_void,False
42536.0,173,0.06946,12.26,205.25574127953547,0.8,158,0.0,0.0376302547016275,0.0,0.1835971778387808,2.249947474559372,-3.9213668873056875,13.573845775171945,26.431564743652604,10.735790744154091,-0.04978247204427865,void_in_void,True
42536.0,173,0.06946,12.26,205.25574127953547,1.0,152,0.0,0.014718767035147205,0.0,0.22102859711657472,-1.2463455917623567,-5.751874012665547,16.908484199451973,28.713550872819162,14.078982944188105,-0.04978247204427865,void_in_void,True
42536.0,173,0.06946,12.26,205.25574127953547,1.25,147,0.0,-0.08720662077834784,0.0,0.01778261740826228,-2.2500429171448397,-0.28989617041293675,21.397371660972194,30.620086948485163,18.107116353312446,-0.04978247204427865,void_in_void,True
42536.0,173,0.06946,12.26,205.25574127953547,1.5507603954646239,144,0.0,-0.18459592128638225,-0.1362409925150524,0.0,-8.843559059842843,17.970496042098578,42.51286643945581,33.114065678113775,23.78760797493999,-0.04978247204427865,void_in_void,True
42536.0,173,0.06946,12.26,205.25574127953547,2.0,140,0.0,-0.1528331626949888,-0.1985879266093979,0.0,-23.978112446962864,45.74761221402533,93.74250463943856,45.71770076749128,34.222751772979755,-0.04978247204427865,void_in_void,False
42536.0,173,0.06946,12.26,205.25574127953547,2.5,138,0.0,-0.04978247204427865,-0.047572410748461705,0.15945440717797552,7.397748777464267,49.402737253093036,74.5157354700617,25.021149908644517,38.309501264180234,-0.04978247204427865,void_in_void,True
45870.0,174,0.06683,5.26,197.59423646817564,0.8,256,-0.48816089896510506,-0.3865811244163156,-0.4868643465507798,-0.05878704937838122,25.06454471841392,25.063551133776784,6.899077832659462,11.657902450311193,2.823718314572532,-0.26119908843482953,void_in_void,True
45870.0,174,0.06683,5.26,197.59423646817564,1.0,256,-0.48816089896510506,-0.37198410764555934,-0.48620047572060604,0.0,29.933250979162178,29.93208810746969,11.320691437727834,15.200930997257572,3.7308565362994837,-0.26119908843482953,void_in_void,True
45870.0,174,0.06683,5.26,197.59423646817564,1.25,256,-0.48816089896510506,-0.33822018727886,-0.48124898619457246,0.0,35.4443224018899,35.442687169806554,17.136065759151208,19.645739419319728,4.894211695057414,-0.26119908843482953,void_in_void,True
45870.0,174,0.06683,5.26,197.59423646817564,1.5507603954646239,256,-0.48816089896510506,-0.3113615620390708,-0.4445210981582448,0.0,40.86460665070436,40.86204408126072,24.43864288831498,24.92602093250864,6.730474923066704,-0.26119908843482953,void_in_void,True
45870.0,174,0.06683,5.26,197.59423646817564,2.0,256,-0.48816089896510506,-0.28369652782680577,-0.40273762787258255,0.0,48.47495756681499,48.47067367845462,35.30682620740816,32.529908840706035,10.84525928746654,-0.26119908843482953,void_in_void,True
45870.0,174,0.06683,5.26,197.59423646817564,2.5,256,-0.48816089896510506,-0.26119908843482953,-0.3216190176958828,0.0,55.92939904701386,55.922820272277924,47.33997045205146,39.64442801704937,17.91377488331076,-0.26119908843482953,void_in_void,False
60219.0,175,0.0606,5.14,179.41045666257745,0.8,256,-0.7111930726148933,-0.4895019975653611,-0.4655216504278092,-0.31562398443288264,31.897504904443604,31.899556189297545,6.856320949826227,7.246339773760414,5.105153280760162,-0.2962293414089746,void_in_void,True
60219.0,175,0.0606,5.14,179.41045666257745,1.0,256,-0.7111930726148933,-0.442491923245401,-0.43274462622282805,-0.2776252488064394,37.067301725733486,37.06962062000561,8.999396059874616,8.607667966177821,6.924235532945184,-0.2962293414089746,void_in_void,True
60219.0,175,0.0606,5.14,179.41045666257745,1.25,256,-0.7111930726148933,-0.397723360807386,-0.38822121693205447,-0.21853401462346356,42.39722957528285,42.39954595071043,11.007471417522511,11.188398392206713,9.48886344888221,-0.2962293414089746,void_in_void,True
60219.0,175,0.0606,5.14,179.41045666257745,1.5507603954646239,256,-0.7111930726148933,-0.3593082766389252,-0.3554332691736771,-0.17733368891252307,47.941498748995485,47.94319544686347,13.222051517609064,15.90434152942619,12.1592227860405,-0.2962293414089746,void_in_void,True
60219.0,175,0.0606,5.14,179.41045666257745,2.0,256,-0.7111930726148933,-0.3213308735713214,-0.32568370224932186,-0.11850950612053371,55.19302377347127,55.19239555631912,15.949778947505203,23.844995091741115,15.488085073991403,-0.2962293414089746,void_in_void,True
60219.0,175,0.0606,5.14,179.41045666257745,2.5,256,-0.7111930726148933,-0.2962293414089746,-0.36088809215472284,-0.036202985365106834,62.82279930483481,62.81803620299264,18.629682417504025,29.89989272476889,17.929967535403033,-0.2962293414089746,void_in_void,True
42320.0,176,0.07385,10.94,218.02472224712133,0.8,256,0.0,0.0,0.0,0.0,0.050851745152077195,0.05146448047910804,0.029010268993964097,7.3745891501664955,1.5115289024528455,-0.07143480121181765,void_in_void,True
42320.0,176,0.07385,10.94,218.02472224712133,1.0,256,0.0,0.0,0.0,0.0,0.06059857758519599,0.061364751746453394,0.02375844667461785,9.220363293013612,2.405852504634875,-0.07143480121181765,void_in_void,True
42320.0,176,0.07385,10.94,218.02472224712133,1.25,256,0.0,0.0,0.0,0.0,0.07670311453925173,0.07766250203337643,0.024073752723320834,11.527796227770537,3.8662363761647027,-0.07143480121181765,void_in_void,True
42320.0,176,0.07385,10.94,218.02472224712133,1.5507603954646239,256,0.0,-2.2124871985791668e-06,0.0,0.0,0.09332119338143968,0.0945110061670722,0.025826570005731023,14.308034192604127,6.237268769814552,-0.07143480121181765,void_in_void,True
42320.0,176,0.07385,10.94,218.02472224712133,2.0,244,0.0,-0.0398194221808149,0.0,0.0,2.6352583291505733,4.245448664384505,5.806139795871982,19.042782857275586,11.031091610157896,-0.07143480121181765,void_in_void,True
42320.0,176,0.07385,10.94,218.02472224712133,2.5,221,0.0,-0.07143480121181765,0.0,0.0,10.018855063811317,16.95967653962492,20.512841259954122,31.211735418551296,23.822300524860122,-0.07143480121181765,void_in_void,True
61222.0,177,0.06533,15.21,193.2206202833551,0.8,256,-0.4257142816692489,-0.09150185242758983,-0.12476939704236445,0.07679402981064352,40.628019009107746,40.62636890129785,20.38432868672735,17.73306764850912,15.36223696195349,-0.10381946279058835,void_in_void,True
61222.0,177,0.06533,15.21,193.2206202833551,1.0,256,-0.4257142816692489,-0.04443124223998103,0.0,0.1252195558343312,32.06604553068518,32.0586711159327,32.65211325423792,26.37921221243658,15.89728269249514,-0.10381946279058835,void_in_void,True
61222.0,177,0.06533,15.21,193.2206202833551,1.25,256,-0.4257142816692489,-0.09232148588152678,0.0,0.054587788971506054,29.49353802850737,29.48252927379051,42.14376523505047,39.82550824764564,24.543374152468417,-0.10381946279058835,void_in_void,False
61222.0,177,0.06533,15.21,193.2206202833551,1.5507603954646239,243,-0.4257142816692489,-0.14686014691323504,-0.10210789785489019,0.0,41.03056733832634,40.265181444761716,42.43219455922749,47.97956207485709,29.92005658384756,-0.10381946279058835,void_in_void,False
61222.0,177,0.06533,15.21,193.2206202833551,2.0,217,-0.4257142816692489,-0.170318373490414,-0.19335369418892184,0.0,70.67189655611297,65.85575414966428,36.024725980254395,53.30869722833155,33.30888021222861,-0.10381946279058835,void_in_void,False
61222.0,177,0.06533,15.21,193.2206202833551,2.5,199,-0.4257142816692489,-0.10381946279058835,-0.03590332853323003,0.06832483247703634,93.62492857164125,83.06496291175628,41.91554904759033,57.57845804262885,42.36673578532476,-0.10381946279058835,void_in_void,False
43560.0,179,0.06754,6.47,199.66341806668967,0.8,256,0.5757806345362738,0.6105540150618272,0.15933760648470535,1.4831139299069445,-45.17626216952325,-45.15075860681361,60.47466456965035,60.95872646736215,20.86092911247904,0.16193916481286819,void_in_cloud_or_compensated,False
43560.0,179,0.06754,6.47,199.66341806668967,1.0,256,0.5757806345362738,0.5889121543156142,0.025397814765409706,1.4589323032141606,-55.938403445862214,-55.91263645573661,81.6031954873634,61.88898354024851,26.186799490188594,0.16193916481286819,void_in_cloud_or_compensated,False
43560.0,179,0.06754,6.47,199.66341806668967,1.25,256,0.5757806345362738,0.537860574680045,0.0,1.350430860115574,-67.43370108867411,-67.4097379089492,107.0903234892444,57.60862753368756,29.992644862907422,0.16193916481286819,void_in_cloud_or_compensated,False
43560.0,179,0.06754,6.47,199.66341806668967,1.5507603954646239,256,0.5757806345362738,0.45204626326169645,0.0,1.0184764860234814,-77.49642665127642,-77.47721186126458,135.00782236070324,46.7981085735259,29.905120910625055,0.16193916481286819,void_in_cloud_or_compensated,False
43560.0,179,0.06754,6.47,199.66341806668967,2.0,256,0.5757806345362738,0.31521419985010024,0.0,0.6098065197387675,-83.7051009110535,-83.69690022183867,169.25914609126693,25.840151529081435,23.463179916359795,0.16193916481286819,void_in_cloud_or_compensated,True
43560.0,179,0.06754,6.47,199.66341806668967,2.5,256,0.5757806345362738,0.16193916481286819,0.0,0.3558675995649346,-79.92623701570729,-79.93203428525317,195.24181524642844,22.155975846475403,21.848290290056344,0.16193916481286819,void_in_cloud_or_compensated,True
58190.0,180,0.0661,8.26,195.46610021984694,0.8,256,1.4395861343415777,1.2505115287529747,1.1918020127379334,2.1898644309418502,-127.98321685115796,-127.97547815654337,61.707073765512284,21.22661950506081,30.553387157888647,0.07957414905577648,void_in_cloud_or_compensated,True
58190.0,180,0.0661,8.26,195.46610021984694,1.0,256,1.4395861343415777,1.0955047859257632,0.9330743583295413,2.0476886255597577,-149.26903454665822,-149.25054908236677,88.86247999623636,21.298520411722293,33.88902185139386,0.07957414905577648,void_in_cloud_or_compensated,True
58190.0,180,0.0661,8.26,195.46610021984694,1.25,256,1.4395861343415777,0.8605538001629837,0.5080413191219068,1.7862321950898858,-165.6535025083654,-165.61954092802907,120.35479391808144,31.166658900127768,31.084150288433282,0.07957414905577648,void_in_cloud_or_compensated,True
58190.0,180,0.0661,8.26,195.46610021984694,1.5507603954646239,256,1.4395861343415777,0.549841288861914,0.0576137385588821,1.2787981940551034,-167.89358906029855,-167.8425053465255,148.62398062544025,45.52986339222265,27.764052732327283,0.07957414905577648,void_in_cloud_or_compensated,False
58190.0,180,0.0661,8.26,195.46610021984694,2.0,256,1.4395861343415777,0.19120228441144127,0.0,0.5968610857506219,-143.43643046076411,-143.37340980452063,165.87819333986818,53.131714419737285,35.73622988154336,0.07957414905577648,void_in_cloud_or_compensated,False
58190.0,180,0.0661,8.26,195.46610021984694,2.5,256,1.4395861343415777,0.07957414905577648,0.0,0.2942980777770574,-107.50936051802512,-107.45241114668575,162.00556766251728,47.59233127895391,49.56807686572225,0.07957414905577648,void_in_cloud_or_compensated,False
47405.0,182,0.05157,9.21,152.9670092068526,0.8,256,0.3878118622613766,0.9529788015942611,0.7289990690908896,1.8842426479957,-84.80590166982739,-84.83782510291272,83.99639904605323,51.84166799269195,21.163806289554582,-0.16285541207353316,void_in_void,False
47405.0,182,0.05157,9.21,152.9670092068526,1.0,256,0.3878118622613766,0.9412765411148469,0.6868244961619192,1.8544649866958811,-115.8717370235919,-115.90846628881505,115.73843038717827,56.04011060530553,24.596055906622592,-0.16285541207353316,void_in_void,False
47405.0,182,0.05157,9.21,152.9670092068526,1.25,256,0.3878118622613766,0.7244115495204404,0.5649517358063931,1.541529953187696,-141.58450651223745,-141.62465905346826,145.8904437257366,64.67395851952318,25.851935854515435,-0.16285541207353316,void_in_void,False
47405.0,182,0.05157,9.21,152.9670092068526,1.5507603954646239,256,0.3878118622613766,0.32395999549847093,0.1844968481073534,1.035578166723792,-141.7149324621626,-141.75651883576947,163.35849810621653,74.96678715308641,26.109167637818082,-0.16285541207353316,void_in_void,False
47405.0,182,0.05157,9.21,152.9670092068526,2.0,256,0.3878118622613766,-0.10276994096235659,-0.18373245151102774,0.3088169959778864,-93.85420109921114,-93.89397556668257,164.63806957557554,81.70829634043896,35.07870074494047,-0.16285541207353316,void_in_void,False
47405.0,182,0.05157,9.21,152.9670092068526,2.5,256,0.3878118622613766,-0.16285541207353316,-0.32289924705708173,0.2847695811632015,-34.48908259826291,-34.522893614746444,162.50049821219054,83.55975309462606,53.72396094908664,-0.16285541207353316,void_in_void,False
38037.0,183,0.05619,14.36,166.50907823476612,0.8,256,-0.34890068195749435,0.1437981602295461,0.008680765258068771,0.767923038263003,0.07593229786784847,0.07779173997188593,70.1000794865485,67.58313142216593,38.648401885743944,0.023415549592737075,void_in_cloud_or_compensated,False
38037.0,183,0.05619,14.36,166.50907823476612,1.0,256,-0.34890068195749435,0.1923723823653136,-0.03146409577223169,0.7918443063291818,-17.888118542047614,-17.879001203654155,100.03028622310109,69.56311220790856,41.859889814203335,0.023415549592737075,void_in_cloud_or_compensated,False
38037.0,183,0.05619,14.36,166.50907823476612,1.25,256,-0.34890068195749435,0.14497746277979526,-0.08413263887208858,0.5921001564317209,-32.75293128284524,-32.735215142057555,127.19279828140758,64.60203802004749,43.37029663299864,0.023415549592737075,void_in_cloud_or_compensated,False
38037.0,183,0.05619,14.36,166.50907823476612,1.5507603954646239,256,-0.34890068195749435,0.11278294688706113,-0.0830182380795074,0.7283967432764318,-39.36456381958247,-39.3354218250858,140.54531023134697,52.32091337528144,42.187507084875776,0.023415549592737075,void_in_cloud_or_compensated,False
38037.0,183,0.05619,14.36,166.50907823476612,2.0,256,-0.34890068195749435,0.029076004768354608,-0.16435570368720953,0.6331257888330766,-40.73840299663427,-40.695381480647825,143.33419516707852,56.408589427054046,54.908361026429105,0.023415549592737075,void_in_cloud_or_compensated,False
38037.0,183,0.05619,14.36,166.50907823476612,2.5,256,-0.34890068195749435,0.023415549592737075,-0.1255569480528621,0.36779543496032363,-28.041395934203994,-28.010709509577694,135.79838128561252,64.61400752704685,70.76524853735634,0.023415549592737075,void_in_cloud_or_compensated,False
46253.0,184,0.06579,6.35,194.56216637007464,0.8,256,0.49064669653834725,0.3524797006414433,0.1315382211210925,1.1566635677629493,-29.52402349421243,-29.506765028290523,45.769907020449,40.955968717358495,8.265784442314494,-0.07219275720295688,void_in_void,False
46253.0,184,0.06579,6.35,194.56216637007464,1.0,256,0.49064669653834725,0.285470401277754,0.012324577052642617,1.132912533247279,-32.90117421447517,-32.87712081487382,65.13639120394386,46.56380447853309,12.019081339446227,-0.07219275720295688,void_in_void,False
46253.0,184,0.06579,6.35,194.56216637007464,1.25,256,0.49064669653834725,0.19797453601304696,-0.00011242590845115479,0.9828543030838144,-34.23614809903016,-34.20458369685022,87.71048053151023,49.85181977652792,16.124328529729382,-0.07219275720295688,void_in_void,False
46253.0,184,0.06579,6.35,194.56216637007464,1.5507603954646239,256,0.49064669653834725,0.11096014733203184,-0.00035346834443804884,0.7694435456915165,-32.32638751902297,-32.2879196072449,110.40274536939052,50.730833522591965,20.09268930331822,-0.07219275720295688,void_in_void,False
46253.0,184,0.06579,6.35,194.56216637007464,2.0,256,0.49064669653834725,0.0005335805838205185,-0.013675941772284296,0.37594619887442926,-24.178892184503663,-24.13413348624597,134.25566359862177,50.64357681437521,23.495960322215627,-0.07219275720295688,void_in_void,False
46253.0,184,0.06579,6.35,194.56216637007464,2.5,256,0.49064669653834725,-0.07219275720295688,0.0,0.12694838811561135,-10.928573932826234,-10.880828067392644,148.95201047952165,53.50563421993494,28.844932015415687,-0.07219275720295688,void_in_void,False
59865.0,187,0.08626,6.33,253.98792450788108,0.8,256,0.0,0.0,0.0,0.0,0.028337832233933945,0.028716168071278476,0.0025053625508645976,2.2908463901523617,0.14175299164378066,0.0,void_in_cloud_or_compensated,True
59865.0,187,0.08626,6.33,253.98792450788108,1.0,256,0.0,0.0,0.0,0.0,0.03561877499040426,0.03609159896227803,0.0016305282676813727,2.8636949047054174,0.22119830801101323,0.0,void_in_cloud_or_compensated,True
59865.0,187,0.08626,6.33,253.98792450788108,1.25,256,0.0,0.0,0.0,0.0,0.04442323107234911,0.04501448387686132,0.0020891311787896564,3.579534882818765,0.3460031940201278,0.0,void_in_cloud_or_compensated,True
59865.0,187,0.08626,6.33,253.98792450788108,1.5507603954646239,256,0.0,0.0,0.0,0.0,0.05534296026854431,0.0560762872274096,0.0021554637400352,4.440498214210786,0.5333843968252706,0.0,void_in_cloud_or_compensated,True
59865.0,187,0.08626,6.33,253.98792450788108,2.0,235,0.0,0.0,0.0,0.0,0.05230491598270077,0.46230404799666375,0.04984601946057091,5.728415952102237,0.8796067875631262,0.0,void_in_cloud_or_compensated,True
59865.0,187,0.08626,6.33,253.98792450788108,2.5,214,0.0,0.0,0.0,0.0,-0.0025839546578254402,0.9147960022851461,0.2591408603677162,7.257156994310029,1.2982857224162527,0.0,void_in_cloud_or_compensated,True
54680.0,188,0.06767,22.32,200.04221290594708,0.8,217,-0.2715947188149246,0.025983671473682243,0.0,0.16223240851124426,17.389240031899703,25.69341260782276,27.747784857584396,7.964907893967357,25.27766661343518,-0.024127350381748645,void_in_void,True
54680.0,188,0.06767,22.32,200.04221290594708,1.0,199,-0.2715947188149246,-0.02300476297866441,0.0,0.03727224799721469,11.653804742632959,19.4305090466153,24.446168610159976,15.18982394264768,22.15005356210408,-0.024127350381748645,void_in_void,True
54680.0,188,0.06767,22.32,200.04221290594708,1.25,185,-0.2715947188149246,-0.11985175579555735,-0.020523282790461672,0.014681943975784505,22.980228429095973,34.216369015004815,26.133153320868352,22.503203352077755,26.337827891811653,-0.024127350381748645,void_in_void,True
54680.0,188,0.06767,22.32,200.04221290594708,1.5507603954646239,174,-0.2715947188149246,-0.1020584606485578,-0.005392083294175209,0.050794142987720635,54.584854481658446,53.94851398399615,14.34755766899224,34.27330213777661,34.291730999110136,-0.024127350381748645,void_in_void,True
54680.0,188,0.06767,22.32,200.04221290594708,2.0,163,-0.2715947188149246,-0.0761478767655913,-0.04864608507713159,0.09733933316166801,100.15423997007387,79.13730572269735,18.405558329991134,68.8175887565587,55.38587529753571,-0.024127350381748645,void_in_void,False
54680.0,188,0.06767,22.32,200.04221290594708,2.5,156,-0.2715947188149246,-0.024127350381748645,-0.0028697175198518833,0.11421312218568822,100.5776467516482,71.59264065945861,29.523821782934515,91.98248175058842,70.58817431822858,-0.024127350381748645,void_in_void,False
38219.0,191,0.0778,10.03,229.49288699348057,0.8,235,0.0,0.0,0.0,0.0,-0.05263967854336752,0.7489073312633299,0.1544164014381355,7.083047707665198,1.2093125066805306,0.0,void_in_cloud_or_compensated,True
38219.0,191,0.0778,10.03,229.49288699348057,1.0,214,0.0,0.0,0.0,0.0,-0.3184886019579587,1.4913359839990759,0.5976997326674764,9.180808052835685,1.7679869615841954,0.0,void_in_cloud_or_compensated,True
38219.0,191,0.0778,10.03,229.49288699348057,1.25,197,0.0,0.0,0.0,0.0,-0.956309459349298,2.176770801549073,1.5869848405279579,12.361912840013188,2.646175282878665,0.0,void_in_cloud_or_compensated,True
38219.0,191,0.0778,10.03,229.49288699348057,1.5507603954646239,183,0.0,0.0,0.0,0.0,-1.9643211878157743,2.7712251833374943,3.2716915605567927,16.77184292018733,4.031100035482088,0.0,void_in_cloud_or_compensated,True
38219.0,191,0.0778,10.03,229.49288699348057,2.0,171,0.0,0.0,0.0,0.0,-4.1570903657995855,3.4669470485162854,7.091427949683568,24.507890786684147,6.875868604394086,0.0,void_in_cloud_or_compensated,True
38219.0,191,0.0778,10.03,229.49288699348057,2.5,162,0.0,0.0,0.0,0.0,-7.625375992107491,4.198588283140105,13.174155072618147,34.833290985292656,11.69320337253518,0.0,void_in_cloud_or_compensated,True
40288.0,192,0.08186,9.46,241.25963190523245,0.8,256,0.0,0.0,0.0,0.0,0.042664455675209774,0.04392386209237578,0.0052641101607142655,4.098249656842229,0.39327776006558884,0.0,void_in_cloud_or_compensated,True
40288.0,192,0.08186,9.46,241.25963190523245,1.0,256,0.0,0.0,0.0,0.0,0.05382867829279108,0.05540281599571298,0.005866189461371145,5.122505966198326,0.614100154320613,0.0,void_in_cloud_or_compensated,True
40288.0,192,0.08186,9.46,241.25963190523245,1.25,256,0.0,0.0,0.0,0.0,0.06678710820145614,0.06875506651544092,0.005643559567852547,6.404110313604646,0.964136293373333,0.0,void_in_cloud_or_compensated,True
40288.0,192,0.08186,9.46,241.25963190523245,1.5507603954646239,256,0.0,0.0,0.0,0.0,0.0827942007326431,0.08523513118849345,0.005259641772338414,7.944299321724131,1.4939309302259571,0.0,void_in_cloud_or_compensated,True
40288.0,192,0.08186,9.46,241.25963190523245,2.0,226,0.0,0.0,0.0,0.0,-0.2449564337437009,1.413688745250662,0.5361323527169046,10.319922199581086,2.4235811611597926,0.0,void_in_cloud_or_compensated,True
40288.0,192,0.08186,9.46,241.25963190523245,2.5,207,0.0,0.0,0.0,0.0,-1.128318231603455,2.4417129697163102,1.7734927392379345,13.951307516058042,3.6832486760117176,0.0,void_in_cloud_or_compensated,True
60836.0,193,0.06207,16.82,183.70544756672794,0.8,256,-0.3754043449432358,0.08604504764648124,-0.02513694119906667,0.6174376078482853,1.5378275242375952,1.5220104317217533,83.12576565749376,59.717148219828,23.788247051177233,-0.06871214406145355,void_in_void,False
60836.0,193,0.06207,16.82,183.70544756672794,1.0,256,-0.3754043449432358,0.030305688931321587,-0.07792090742380706,0.40813989153971614,-6.557072405841331,-6.5739626644486435,94.51773151640958,62.51987714002148,23.769346444994607,-0.06871214406145355,void_in_void,False
60836.0,193,0.06207,16.82,183.70544756672794,1.25,256,-0.3754043449432358,-0.1047040843214177,-0.14889092402072257,0.15578330653472938,1.833948374338602,1.8129777008256198,90.66093180409038,61.31982770083963,32.283268199713206,-0.06871214406145355,void_in_void,False
60836.0,193,0.06207,16.82,183.70544756672794,1.5507603954646239,256,-0.3754043449432358,-0.14263991911934942,-0.2455875905091588,0.04017178443833574,25.648743871799166,25.626184583142845,88.8545104496752,55.28536184289115,37.176665209243275,-0.06871214406145355,void_in_void,False
60836.0,193,0.06207,16.82,183.70544756672794,2.0,256,-0.3754043449432358,-0.1344857616088359,-0.15095159787978252,0.0007762515182121093,48.68484985093399,48.67167182283285,92.61164599149944,44.07568547179895,41.138801377180876,-0.06871214406145355,void_in_void,False
60836.0,193,0.06207,16.82,183.70544756672794,2.5,253,-0.3754043449432358,-0.06871214406145355,0.0,0.15540147565312323,62.209163406759636,60.46897443206677,83.53097900239455,42.11989333541365,41.465446306310476,-0.06871214406145355,void_in_void,False
61455.0,196,0.07326,7.5,216.3100464011376,0.8,256,0.0,0.0,0.0,0.0,0.03476499126585879,0.03376273085507343,0.007982634176335459,3.9938385391795035,0.7161389260225286,-0.02108828688737434,void_in_void,True
61455.0,196,0.07326,7.5,216.3100464011376,1.0,256,0.0,0.0,0.0,0.0,0.04016078367725453,0.03890847367990947,0.00684028503958957,4.994302019175083,1.1186711635651931,-0.02108828688737434,void_in_void,True
61455.0,196,0.07326,7.5,216.3100464011376,1.25,256,0.0,0.0,0.0,0.0,0.055136880435179066,0.053570961031586775,0.008211727901358235,6.240542275843399,1.7698873227834242,-0.02108828688737434,void_in_void,True
61455.0,196,0.07326,7.5,216.3100464011376,1.5507603954646239,256,0.0,0.0,0.0,0.0,0.06423791829034578,0.062296412363891183,0.007488903586048603,7.74334012882515,2.777551906089244,-0.02108828688737434,void_in_void,True
61455.0,196,0.07326,7.5,216.3100464011376,2.0,256,0.0,-1.3298944550811788e-05,0.0,0.0,0.083718167759049,0.08121269824419813,0.005952472474783665,9.989212003233881,4.874169768525449,-0.02108828688737434,void_in_void,True
61455.0,196,0.07326,7.5,216.3100464011376,2.5,256,0.0,-0.02108828688737434,0.0,0.0,1.19036087358113,1.1875168269736724,1.7927411323398261,10.586243731016072,8.656051032639496,-0.02108828688737434,void_in_void,True
25697.0,199,0.08758,7.51,257.801567533477,0.8,256,0.0,0.0,0.0,0.0,0.034827732402648866,0.03472023577133557,0.013407476597527937,0.6927913556386822,0.07196686849304228,0.0,void_in_cloud_or_compensated,True
25697.0,199,0.08758,7.51,257.801567533477,1.0,230,0.0,0.0,0.0,0.0,0.030795870080436664,0.14831036874397271,0.03039970603016245,0.8558779257345986,0.10319881597834579,0.0,void_in_cloud_or_compensated,True
25697.0,199,0.08758,7.51,257.801567533477,1.25,210,0.0,0.0,0.0,0.0,0.010898037390667673,0.24058563464821434,0.06986806920111284,1.1151667088527177,0.15897260039540473,0.0,void_in_cloud_or_compensated,True
25697.0,199,0.08758,7.51,257.801567533477,1.5507603954646239,194,0.0,0.0,0.0,0.0,-0.016311008127845233,0.3216141390718447,0.13171031426975602,1.4461521073336752,0.2374384089365678,0.0,void_in_cloud_or_compensated,True
25697.0,199,0.08758,7.51,257.801567533477,2.0,179,0.0,0.0,0.0,0.0,-0.12169116679071379,0.4304061276326718,0.3113827861652985,2.005177966551308,0.3836924682371828,0.0,void_in_cloud_or_compensated,True
25697.0,199,0.08758,7.51,257.801567533477,2.5,169,0.0,0.0,0.0,0.0,-0.29122401741332726,0.49691526896050986,0.580346545497074,2.661971863711261,0.6062841239252411,0.0,void_in_cloud_or_compensated,True
44604.0,201,0.06922,5.98,204.55695731459545,0.8,256,0.0,-0.01059106200417538,0.0,0.0,0.19568378935373648,0.1985527152705607,0.1723634816217675,11.850738885714495,4.411366335720412,-0.12510466442600407,void_in_void,True
44604.0,201,0.06922,5.98,204.55695731459545,1.0,256,0.0,-0.03190800788558522,0.0,0.0,1.1204289603485373,1.1241667036866656,1.5474013381327087,14.136974330032796,6.885316640010413,-0.12510466442600407,void_in_void,True
44604.0,201,0.06922,5.98,204.55695731459545,1.25,240,0.0,-0.04319590979127688,0.0,0.0,2.560058060160803,4.204982648065882,4.00646220755269,16.19029131907542,9.844669287709072,-0.12510466442600407,void_in_void,True
44604.0,201,0.06922,5.98,204.55695731459545,1.5507603954646239,218,0.0,-0.05060331146323107,0.0,0.0,4.311735435879934,8.468125623469685,6.503025339545803,18.109818054186466,11.694944052643244,-0.12510466442600407,void_in_void,True
44604.0,201,0.06922,5.98,204.55695731459545,2.0,198,0.0,-0.07110474776792891,0.0,0.0,8.206313664124432,14.210404260627728,10.241047683821689,19.246968452216997,11.650687638695269,-0.12510466442600407,void_in_void,True
44604.0,201,0.06922,5.98,204.55695731459545,2.5,184,0.0,-0.12510466442600407,0.0,0.0,15.62815095215365,23.75968885121372,14.827349687143604,21.877642719246097,11.81866961588303,-0.12510466442600407,void_in_void,True
25238.0,202,0.06062,9.82,179.46891027644529,0.8,256,0.36706808451349054,0.6212946142853117,0.37020270981579295,1.4824947442509182,-59.79990844527553,-59.78119971155106,40.46221290561702,72.19019667545287,37.721266365160375,-0.02392208172502682,void_in_void,False
25238.0,202,0.06062,9.82,179.46891027644529,1.0,256,0.36706808451349054,0.6534311563620031,0.3076033483867233,1.5767730119225427,-82.47252399856384,-82.45463005164346,66.19316792653059,66.07668060956735,42.75987771699821,-0.02392208172502682,void_in_void,False
25238.0,202,0.06062,9.82,179.46891027644529,1.25,256,0.36706808451349054,0.5839942063357618,0.2243194036855795,1.4207832078552296,-106.16220140073095,-106.150600086774,100.42117788811419,52.47896574406856,44.00085407498657,-0.02392208172502682,void_in_void,False
25238.0,202,0.06062,9.82,179.46891027644529,1.5507603954646239,256,0.36706808451349054,0.40466751144173685,0.08131040298341574,1.179882108972633,-119.8756179311065,-119.87625470056477,132.34817840010828,39.32673166873685,41.670656564640005,-0.02392208172502682,void_in_void,False
25238.0,202,0.06062,9.82,179.46891027644529,2.0,256,0.36706808451349054,0.13119314625038703,-0.05707999448332914,0.4880970972444859,-109.1024223278944,-109.11695479358907,153.22564589014735,46.90834580774066,40.90730880586483,-0.02392208172502682,void_in_void,False
25238.0,202,0.06062,9.82,179.46891027644529,2.5,256,0.36706808451349054,-0.02392208172502682,-0.09301564865280502,0.13307355052288342,-74.53660799299838,-74.55304571030463,158.82328579028237,43.92787661093975,39.29232924543566,-0.02392208172502682,void_in_void,False
39366.0,203,0.06366,9.86,188.34796726841304,0.8,256,-0.27555035032957964,-0.1406119683352027,-0.3090634486132695,0.32339867997989125,19.424361904866885,19.428850363607246,36.775727914652606,27.588645957604776,14.786084626544868,-0.03967856745350494,void_in_void,True
39366.0,203,0.06366,9.86,188.34796726841304,1.0,256,-0.27555035032957964,-0.1382331011169665,-0.3018008592602456,0.25573002995809163,22.036548080402888,22.04035084615713,49.50063495354809,29.09056934427309,19.40069587190212,-0.03967856745350494,void_in_void,True
39366.0,203,0.06366,9.86,188.34796726841304,1.25,256,-0.27555035032957964,-0.12971723061889237,-0.25581313792689037,0.26788809039106654,25.87981775044219,25.879805472874903,58.63828727605737,35.40026932422578,24.636495615859758,-0.03967856745350494,void_in_void,True
39366.0,203,0.06366,9.86,188.34796726841304,1.5507603954646239,256,-0.27555035032957964,-0.08242024707931081,-0.19221915731571027,0.18523629440467704,28.10202499527302,28.096337433761583,56.92795615696465,40.24067714117919,28.369547948542667,-0.03967856745350494,void_in_void,False
39366.0,203,0.06366,9.86,188.34796726841304,2.0,256,-0.27555035032957964,-0.009399702342577084,-0.04988913128209879,0.22948978463367897,22.590122147814228,22.576206266820336,39.00007620910078,45.9401251334287,34.73802217618084,-0.03967856745350494,void_in_void,False
39366.0,203,0.06366,9.86,188.34796726841304,2.5,256,-0.27555035032957964,-0.03967856745350494,0.0,0.1995709325692325,17.48784860305118,17.470480105259774,33.48569206932787,57.3861954198765,43.017334136451794,-0.03967856745350494,void_in_void,False
60223.0,207,0.05334,5.77,158.15838471062716,0.8,256,-0.20004990021135233,-0.09192502552247707,-0.28336294015264973,0.39662964344276136,8.591143301144065,8.60067321457166,23.018840185106995,26.255091261235616,7.6649321728480935,-0.11433258057839633,void_in_void,True
60223.0,207,0.05334,5.77,158.15838471062716,1.0,256,-0.20004990021135233,-0.053874539234540816,-0.29656416759643456,0.4998050657756899,8.389345015182466,8.40226778242768,34.60894690246068,27.153534985594284,11.102924820921517,-0.11433258057839633,void_in_void,True
60223.0,207,0.05334,5.77,158.15838471062716,1.25,256,-0.20004990021135233,-0.01866314431573289,-0.2751077240407822,0.572937874545183,7.0484169112085615,7.065676319238641,50.47975424596564,26.06567446970291,15.456907205924182,-0.11433258057839633,void_in_void,True
60223.0,207,0.05334,5.77,158.15838471062716,1.5507603954646239,256,-0.20004990021135233,-0.00260391050141677,-0.239112135157048,0.6180962552973263,5.083643437381388,5.1059523800116615,69.35803395836788,25.181047203548484,19.77838033495545,-0.11433258057839633,void_in_void,True
60223.0,207,0.05334,5.77,158.15838471062716,2.0,256,-0.20004990021135233,-0.032478757801877034,-0.2080962671195623,0.5675088683931415,4.3067059066531765,4.335524182786138,92.1224626630516,30.114858248670632,21.793314619174915,-0.11433258057839633,void_in_void,True
60223.0,207,0.05334,5.77,158.15838471062716,2.5,256,-0.20004990021135233,-0.11433258057839633,-0.2585265518746914,0.4312372268861031,10.199527060677232,10.232994099189277,105.48187507616323,36.69712376953218,18.245951481865347,-0.11433258057839633,void_in_void,False
5914.0,209,0.07379,7.77,217.85036871210158,0.8,256,0.0,0.0,0.0,0.0,0.03114835854287061,0.03464798790049323,0.015831406697492924,8.000580601062362,1.358821680821734,-0.01895088938325708,void_in_void,True
5914.0,209,0.07379,7.77,217.85036871210158,1.0,256,0.0,0.0,0.0,0.0,0.04635972531758677,0.05073208971063978,0.017830737951015366,9.995371225539817,2.1454918618701524,-0.01895088938325708,void_in_void,True
5914.0,209,0.07379,7.77,217.85036871210158,1.25,256,0.0,0.0,0.0,0.0,0.051745094688612395,0.05721263611759991,0.019536620293007727,12.500694334817773,3.3785127892227997,-0.01895088938325708,void_in_void,True
5914.0,209,0.07379,7.77,217.85036871210158,1.5507603954646239,256,0.0,0.0,0.0,0.0,0.06302704155271398,0.06980961628207139,0.01247983164676626,15.508656473597656,5.256083568559498,-0.01895088938325708,void_in_void,True
5914.0,209,0.07379,7.77,217.85036871210158,2.0,256,0.0,0.0,0.0,0.0,0.08183947859670754,0.0905900803988331,0.014202972145893385,20.004892677090115,8.959225217914547,-0.01895088938325708,void_in_void,True
5914.0,209,0.07379,7.77,217.85036871210158,2.5,256,0.0,-0.01895088938325708,0.0,0.0,0.764521230954074,0.7748860397300965,1.1217063744379074,23.7177134129002,12.868376351920109,-0.01895088938325708,void_in_void,True
37480.0,211,0.05006,8.99,148.53509011582946,0.8,256,0.4055265225436146,0.2965595957786791,0.20634600694732802,0.7652281019944811,-34.951011405649794,-34.951970640282454,23.636075182017827,49.13498220475729,27.62177771834221,-0.013504922667020781,void_in_void,False
37480.0,211,0.05006,8.99,148.53509011582946,1.0,256,0.4055265225436146,0.24927923471232438,0.09212517614790469,0.7967225790794341,-39.26121788351876,-39.261098282855826,30.375367384389964,49.74393056525959,32.86084380399799,-0.013504922667020781,void_in_void,False
37480.0,211,0.05006,8.99,148.53509011582946,1.25,256,0.4055265225436146,0.20278013989284366,0.028789136504358825,0.8426178704535358,-42.544054196191446,-42.54203600309988,39.47470952415758,47.82744394107129,34.35582613934201,-0.013504922667020781,void_in_void,False
37480.0,211,0.05006,8.99,148.53509011582946,1.5507603954646239,256,0.4055265225436146,0.1551187879373509,-0.06362345717718701,0.7966714811069454,-44.301085954306224,-44.29582934220039,52.054194742957954,45.59216552744706,32.47963164790048,-0.013504922667020781,void_in_void,False
37480.0,211,0.05006,8.99,148.53509011582946,2.0,256,0.4055265225436146,0.07840226122720773,-0.1130606369068134,0.7225288725983939,-42.27686585502838,-42.26661270071168,65.14744707526157,44.881905959242765,34.35474487106199,-0.013504922667020781,void_in_void,False
37480.0,211,0.05006,8.99,148.53509011582946,2.5,256,0.4055265225436146,-0.013504922667020781,-0.17388900966710558,0.47509954095502444,-31.206896758040077,-31.19353133069576,74.14225263150183,43.94832295198702,40.27633199436624,-0.013504922667020781,void_in_void,False
55125.0,214,0.05092,9.4,151.0595812642152,0.8,256,-0.448881298514685,-0.20921700996195408,-0.29824314383898,0.1009559612942328,31.51654757738597,31.511978451871723,23.003780856996713,58.661154068637416,11.891898359164598,-0.0956916797798254,void_in_void,False
55125.0,214,0.05092,9.4,151.0595812642152,1.0,256,-0.448881298514685,-0.12319033626238857,-0.24602310566117258,0.2340383041636593,30.842097583134194,30.83822543801972,36.18691485553818,66.83818325720262,17.102945125238797,-0.0956916797798254,void_in_void,False
55125.0,214,0.05092,9.4,151.0595812642152,1.25,256,-0.448881298514685,-0.03770727107345104,-0.14711854337087762,0.3224373261692758,25.91276451585936,25.910205383537782,54.903207486691514,74.35341317339747,24.46992025344991,-0.0956916797798254,void_in_void,False
55125.0,214,0.05092,9.4,151.0595812642152,1.5507603954646239,256,-0.448881298514685,0.02140657535624084,-0.11022085391629124,0.47345008478298023,17.137171255295577,17.136200606719406,76.25786894200346,81.27915641302666,33.605539177799706,-0.0956916797798254,void_in_void,False
55125.0,214,0.05092,9.4,151.0595812642152,2.0,256,-0.448881298514685,0.020417673350704962,-0.1264523794587903,0.5980562109051183,6.068960962326152,6.070427152539082,99.60198759484531,89.90790197266969,42.89906261526423,-0.0956916797798254,void_in_void,False
55125.0,214,0.05092,9.4,151.0595812642152,2.5,256,-0.448881298514685,-0.0956916797798254,-0.2821135291676615,0.37438347644243486,9.758049548338317,9.764962224383488,114.23865081718496,98.58631519386282,51.765712047723284,-0.0956916797798254,void_in_void,False
60267.0,216,0.07846,12.62,231.40714308584552,0.8,256,0.0,0.0,0.0,0.0,0.05670043074576032,0.058206907339312025,0.030279274726645558,8.773490847795413,1.2754856121900553,-0.0024033293779533536,void_in_void,True
60267.0,216,0.07846,12.62,231.40714308584552,1.0,256,0.0,0.0,0.0,0.0,0.0707956159637774,0.07267738344182115,0.030475294007394505,10.96726658693962,2.000973314683222,-0.0024033293779533536,void_in_void,True
60267.0,216,0.07846,12.62,231.40714308584552,1.25,256,0.0,0.0,0.0,0.0,0.08819071764421776,0.0905419100674053,0.03285860321279813,13.708076197014067,3.150319443643529,-0.0024033293779533536,void_in_void,True
60267.0,216,0.07846,12.62,231.40714308584552,1.5507603954646239,248,0.0,0.0,0.0,0.0,-0.06557265011174744,0.7166061463349543,0.3041607611443439,16.982090342297255,4.890110476390763,-0.0024033293779533536,void_in_void,True
60267.0,216,0.07846,12.62,231.40714308584552,2.0,221,0.0,0.0,0.0,0.0,-1.4552109460383362,2.7781780541187984,2.326484646310856,23.284651727823075,8.125401996149371,-0.0024033293779533536,void_in_void,True
60267.0,216,0.07846,12.62,231.40714308584552,2.5,202,0.0,-0.0024033293779533536,0.0,0.0,-4.340555414990913,4.398981062737696,6.298337645170059,32.2359161223952,13.167231078713293,-0.0024033293779533536,void_in_void,True
61675.0,218,0.09341,10.18,274.618358346035,0.8,256,0.0,0.0,0.0,0.0,0.045730558690249064,0.045772138532388165,0.004201661281888369,0.6281773130456676,0.06298693820796233,0.0,void_in_cloud_or_compensated,True
61675.0,218,0.09341,10.18,274.618358346035,1.0,256,0.0,0.0,0.0,0.0,0.057257125031631446,0.05730871205809182,0.004518698110130452,0.7853216833209081,0.09844322483010756,0.0,void_in_cloud_or_compensated,True
61675.0,218,0.09341,10.18,274.618358346035,1.25,252,0.0,0.0,0.0,0.0,0.07627159000191065,0.04686226614968553,0.011805585675796888,0.9707272551007092,0.15212209236310706,0.0,void_in_cloud_or_compensated,True
61675.0,218,0.09341,10.18,274.618358346035,1.5507603954646239,228,0.0,0.0,0.0,0.0,0.1508580012463268,-0.087740261822805,0.09325953505225837,1.2258313912802927,0.21566416207444639,0.0,void_in_cloud_or_compensated,True
61675.0,218,0.09341,10.18,274.618358346035,2.0,207,0.0,0.0,0.0,0.0,0.34145777502505037,-0.2139936147724421,0.29849343479808105,1.7738616680266108,0.3418796495510684,0.0,void_in_cloud_or_compensated,True
61675.0,218,0.09341,10.18,274.618358346035,2.5,169,0.0,0.0,0.0,0.0,0.7133263392545528,-0.06659695386968827,0.8021207079850841,2.5331674681828242,0.5042832895992143,0.0,void_in_cloud_or_compensated,True
58571.0,219,0.06648,9.62,196.57398165111888,0.8,256,0.6545125526564355,0.5632729027686982,0.39058042468582316,1.3633558642017198,-68.28279521013475,-68.27084059018782,60.014325803208855,59.128351283983655,27.37801816576548,0.4354500451062462,void_in_cloud_or_compensated,False
58571.0,219,0.06648,9.62,196.57398165111888,1.0,256,0.6545125526564355,0.4785143645797226,0.1628791937665944,1.308788789271478,-78.34298032989776,-78.32683111015231,74.09049797293305,57.96084137593991,32.63493512954327,0.4354500451062462,void_in_cloud_or_compensated,False
58571.0,219,0.06648,9.62,196.57398165111888,1.25,256,0.6545125526564355,0.35390905492599484,0.0,1.0856796102419868,-84.59660068959303,-84.57544447306482,86.14938062987306,52.080787096852994,39.7847343904142,0.4354500451062462,void_in_cloud_or_compensated,False
58571.0,219,0.06648,9.62,196.57398165111888,1.5507603954646239,256,0.6545125526564355,0.3148544261116828,0.0,1.1498901081421753,-87.36963030658573,-87.34418937353257,98.34608194480035,40.77771327616111,47.22852660961604,0.4354500451062462,void_in_cloud_or_compensated,False
58571.0,219,0.06648,9.62,196.57398165111888,2.0,228,0.6545125526564355,0.42526657513247895,0.0,1.3571851088890121,-104.73756416214007,-115.10761379705538,136.47555872856123,35.71241097703993,51.43275163302242,0.4354500451062462,void_in_cloud_or_compensated,False
58571.0,219,0.06648,9.62,196.57398165111888,2.5,208,0.6545125526564355,0.4354500451062462,0.0,1.1447937839038875,-122.82203903821264,-158.8085253227447,197.42583565611656,71.60767370242698,50.68275069638179,0.4354500451062462,void_in_cloud_or_compensated,False
61230.0,220,0.07224,11.92,213.3446445642059,0.8,191,0.0,0.0,0.0,0.0,4.783702790990623,-3.8340722375006617,6.375432322767286,32.50471842978201,10.367222317057562,0.12937686720978572,void_in_cloud_or_compensated,True
61230.0,220,0.07224,11.92,213.3446445642059,1.0,179,0.0,3.341898842524932e-05,0.0,0.0,11.24194537598027,-5.024282635610944,14.558288350054351,45.919232014238766,17.89768735015287,0.12937686720978572,void_in_cloud_or_compensated,False
61230.0,220,0.07224,11.92,213.3446445642059,1.25,168,0.0,0.058441490698283804,0.0,0.0,16.747830793139645,-8.024918753611443,26.40103844959898,59.17894662837201,29.14569434437502,0.12937686720978572,void_in_cloud_or_compensated,False
61230.0,220,0.07224,11.92,213.3446445642059,1.5507603954646239,161,0.0,0.1301125123577935,0.0,0.0,6.245952995413386,-23.315890644072685,36.44280886492787,47.61222498454234,32.46557081057687,0.12937686720978572,void_in_cloud_or_compensated,False
61230.0,220,0.07224,11.92,213.3446445642059,2.0,153,0.0,0.06024150449103748,0.0,0.030853742329102596,3.7913624845053606,-35.74963852214538,49.92674188897263,44.43800419646102,51.08514927233016,0.12937686720978572,void_in_cloud_or_compensated,False
61230.0,220,0.07224,11.92,213.3446445642059,2.5,148,0.0,0.12937686720978572,0.0,0.13437213017651445,-0.1334948609105398,-44.59034306169827,55.373385965656915,48.25231712042551,49.93474577643652,0.12937686720978572,void_in_cloud_or_compensated,False
41602.0,221,0.08655,6.89,254.82596213966724,0.8,256,0.0,0.0,0.0,0.0,0.030925015090534688,0.031054203457104357,0.0010656155799826687,0.9769130899208294,0.0819184733629683,0.0,void_in_cloud_or_compensated,True
41602.0,221,0.08655,6.89,254.82596213966724,1.0,256,0.0,0.0,0.0,0.0,0.03887952627325589,0.03904120565024089,0.0007321012501195165,1.2216329952053036,0.129300041269085,0.0,void_in_cloud_or_compensated,True
41602.0,221,0.08655,6.89,254.82596213966724,1.25,256,0.0,0.0,0.0,0.0,0.048455368921840256,0.04865749697875682,0.0009047700050344512,1.5265855408920925,0.20150365899571104,0.0,void_in_cloud_or_compensated,True
41602.0,221,0.08655,6.89,254.82596213966724,1.5507603954646239,256,0.0,0.0,0.0,0.0,0.06037710396877843,0.06062801121545609,0.000569376746830817,1.8940204612725033,0.31180613097375703,0.0,void_in_cloud_or_compensated,True
41602.0,221,0.08655,6.89,254.82596213966724,2.0,256,0.0,0.0,0.0,0.0,0.07779510890360797,0.07811886875655054,0.0009681802807361462,2.4428520298397287,0.5228933736301495,0.0,void_in_cloud_or_compensated,True
41602.0,221,0.08655,6.89,254.82596213966724,2.5,256,0.0,0.0,0.0,0.0,0.0975152064293138,0.09791904989674671,0.0014279764240132235,3.0519631038595065,0.8265860695738779,0.0,void_in_cloud_or_compensated,True
7788.0,223,0.07617,6.63,224.76286911476524,0.8,248,0.0,0.0,0.0,0.0,0.014526918202192375,0.0998837475754094,0.018451851326288755,2.1726865566303712,0.2000686602325926,0.0,void_in_cloud_or_compensated,True
7788.0,223,0.07617,6.63,224.76286911476524,1.0,225,0.0,0.0,0.0,0.0,-0.06719425766530236,0.34061916883643567,0.1494332378026719,2.7350551908345095,0.27090697061912516,0.0,void_in_cloud_or_compensated,True
7788.0,223,0.07617,6.63,224.76286911476524,1.25,206,0.0,0.0,0.0,0.0,-0.284474437667692,0.5348091361940326,0.4272445673553341,3.5773768557740713,0.39376245706948493,0.0,void_in_cloud_or_compensated,True
7788.0,223,0.07617,6.63,224.76286911476524,1.5507603954646239,192,0.0,0.0,0.0,0.0,-0.7311220886868208,0.6863478968022937,0.9828463979794426,4.739406210818605,0.5874851111474806,0.0,void_in_cloud_or_compensated,True
7788.0,223,0.07617,6.63,224.76286911476524,2.0,177,0.0,0.0,0.0,0.0,-1.9382272354303998,0.9600230914856859,2.4235923012368636,7.009917560188996,1.0309654013749108,0.0,void_in_cloud_or_compensated,True
7788.0,223,0.07617,6.63,224.76286911476524,2.5,168,0.0,0.0,0.0,0.0,-3.970831417088145,1.0936287697997247,4.829677005752967,9.864969674418731,1.92094014480977,0.0,void_in_cloud_or_compensated,True
47928.0,224,0.09428,7.63,277.12414412044495,0.8,256,0.0,0.0,0.0,0.0,0.03434063110191542,0.034492676997448554,0.00027966845232289063,0.6099260102150397,0.04854128873144797,0.0,void_in_cloud_or_compensated,True
47928.0,224,0.09428,7.63,277.12414412044495,1.0,256,0.0,0.0,0.0,0.0,0.04291573878134745,0.043105783033277306,0.0002611261765208147,0.7623698240720793,0.07589869183985574,0.0,void_in_cloud_or_compensated,True
47928.0,224,0.09428,7.63,277.12414412044495,1.25,256,0.0,0.0,0.0,0.0,0.0536444559856406,0.053882035726492555,0.00025222661520224975,0.9529827956649882,0.118914641393833,0.0,void_in_cloud_or_compensated,True
47928.0,224,0.09428,7.63,277.12414412044495,1.5507603954646239,256,0.0,0.0,0.0,0.0,0.06661534956287271,0.06691007125051258,0.0002831985599151033,1.182273213091832,0.18359516253645708,0.0,void_in_cloud_or_compensated,True
47928.0,224,0.09428,7.63,277.12414412044495,2.0,256,0.0,0.0,0.0,0.0,0.0859465323364153,0.08632661491299931,0.0002952158918030537,1.5247390186945815,0.30731394096708214,0.0,void_in_cloud_or_compensated,True
47928.0,224,0.09428,7.63,277.12414412044495,2.5,233,0.0,0.0,0.0,0.0,0.06133825703914151,0.22073271688580462,0.0686218445341424,1.9517354794036308,0.4908483914747344,0.0,void_in_cloud_or_compensated,True
61100.0,225,0.06709,5.32,198.3520392867607,0.8,256,0.021944135647582044,0.2973971795383436,0.045132205456374704,0.873397451921898,-12.50225768210822,-12.484842304338063,23.882699764274406,34.89667943743431,10.375778976215368,0.5937656315969011,void_in_cloud_or_compensated,True
61100.0,225,0.06709,5.32,198.3520392867607,1.0,256,0.021944135647582044,0.39516386385069047,0.03800379343534947,1.1430781692301062,-20.934556754597732,-20.913514456534756,36.81735806224631,38.679895184696726,15.15574212817633,0.5937656315969011,void_in_cloud_or_compensated,False
61100.0,225,0.06709,5.32,198.3520392867607,1.25,256,0.021944135647582044,0.5169442854502743,0.08348817644856198,1.4531519511084472,-34.795461552625845,-34.77054493841895,56.43571523117411,41.41445910850635,21.372050145655816,0.5937656315969011,void_in_cloud_or_compensated,False
61100.0,225,0.06709,5.32,198.3520392867607,1.5507603954646239,256,0.021944135647582044,0.6208446395230263,0.0464757519197111,1.78268470577755,-55.0845084809022,-55.05633064506219,84.00668296628989,42.00093327481683,27.339273188724786,0.5937656315969011,void_in_cloud_or_compensated,False
61100.0,225,0.06709,5.32,198.3520392867607,2.0,256,0.021944135647582044,0.6526566950032873,0.00013823807101079628,1.8610290364659023,-85.84228383677515,-85.81103224240952,125.28002961090893,41.360583001628775,33.584641397201025,0.5937656315969011,void_in_cloud_or_compensated,False
61100.0,225,0.06709,5.32,198.3520392867607,2.5,233,0.021944135647582044,0.5937656315969011,0.03776362209481521,1.5839075837211987,-110.80895299435262,-128.08132062890056,158.65845322276115,45.781412661222845,41.70964700838938,0.5937656315969011,void_in_cloud_or_compensated,False
46299.0,226,0.05046,8.23,149.70938781658776,0.8,256,-0.4175138205170097,-0.26370831972934655,-0.21624124207655926,-0.08188900973887293,29.927486189782066,29.92635085972844,14.037463603663474,47.61918448442153,7.404503236646072,-0.15473622432327497,void_in_void,False
46299.0,226,0.05046,8.23,149.70938781658776,1.0,256,-0.4175138205170097,-0.2090182987464841,-0.16807885748931028,0.06947534807512577,32.57800028845543,32.57792897088919,20.62962883550144,56.50235814200368,10.738081567521643,-0.15473622432327497,void_in_void,False
46299.0,226,0.05046,8.23,149.70938781658776,1.25,256,-0.4175138205170097,-0.1576104795307488,-0.16951716303760728,0.22457467261890202,33.70546825635382,33.70708301256103,31.60615374113745,66.11973680435904,14.690858563994832,-0.15473622432327497,void_in_void,False
46299.0,226,0.05046,8.23,149.70938781658776,1.5507603954646239,256,-0.4175138205170097,-0.12843591852913858,-0.2247518164636863,0.3895994381054577,33.975377295047686,33.97936650780313,50.13643211426812,75.23316683365927,18.458313682271058,-0.15473622432327497,void_in_void,False
46299.0,226,0.05046,8.23,149.70938781658776,2.0,256,-0.4175138205170097,-0.12972461586140444,-0.2876256448106712,0.3206422239152296,36.44205823347643,36.45022096620049,83.46915915988433,82.36377349989692,24.598472818063858,-0.15473622432327497,void_in_void,False
46299.0,226,0.05046,8.23,149.70938781658776,2.5,256,-0.4175138205170097,-0.15473622432327497,-0.3164157358747537,0.2921165855354381,43.905833521013584,43.918153269938614,114.53940576936883,82.85590818043953,34.05812910148255,-0.15473622432327497,void_in_void,False
45737.0,232,0.05039,7.27,149.50390025169614,0.8,256,1.3477530601393053,1.0355653515706427,0.7084997468469563,2.3984719980211358,-96.68528743201297,-96.66227695763399,90.26359589937238,22.590227141062407,10.812253302026864,0.02790916453319872,void_in_cloud_or_compensated,True
45737.0,232,0.05039,7.27,149.50390025169614,1.0,256,1.3477530601393053,0.8704834238309216,0.49611725682202706,2.1746157192108853,-109.88297583205318,-109.85611959627015,123.68817431071275,25.347700096571526,13.57571648822807,0.02790916453319872,void_in_cloud_or_compensated,True
45737.0,232,0.05039,7.27,149.50390025169614,1.25,256,1.3477530601393053,0.6660399181064819,0.31209502063664485,1.8995422315499555,-118.35793848704778,-118.32901621618134,160.96378660093177,33.27146241731252,15.864201544922894,0.02790916453319872,void_in_cloud_or_compensated,True
45737.0,232,0.05039,7.27,149.50390025169614,1.5507603954646239,256,1.3477530601393053,0.46169747940524763,0.1893140056832846,1.3414593506812553,-119.19211629321626,-119.16272294082543,196.93853253217006,45.10299996265231,18.30039870788515,0.02790916453319872,void_in_cloud_or_compensated,False
45737.0,232,0.05039,7.27,149.50390025169614,2.0,256,1.3477530601393053,0.23919153556812203,0.08052360077444332,1.086935165826107,-108.92128651681169,-108.88930925092251,232.97900117432602,58.231348314496756,31.060654893207886,0.02790916453319872,void_in_cloud_or_compensated,False
45737.0,232,0.05039,7.27,149.50390025169614,2.5,256,1.3477530601393053,0.02790916453319872,-0.05192826466874879,0.6032780228119407,-85.08231459315662,-85.0418489978283,251.64574577632615,70.88838624200294,51.03009516593661,0.02790916453319872,void_in_cloud_or_compensated,False
60052.0,238,0.06443,10.28,190.59507930024944,0.8,256,-0.49061584811940334,-0.42210768650038366,-0.474926670382693,-0.29644756338669354,52.13133604923704,52.12715582914501,8.718718651560412,17.394658638426662,4.886046310624541,-0.23123628721989084,void_in_void,True
60052.0,238,0.06443,10.28,190.59507930024944,1.0,256,-0.49061584811940334,-0.374220900690172,-0.45214640675703405,-0.19049045547351295,62.098149849713955,62.092351017118915,14.86634965801753,21.255150817393368,6.189786618955201,-0.23123628721989084,void_in_void,True
60052.0,238,0.06443,10.28,190.59507930024944,1.25,256,-0.49061584811940334,-0.31787566351729457,-0.3961968507953599,-0.0017808413819857516,70.34829925440496,70.34215422764657,23.645076704207916,21.805467638246064,9.881694907767763,-0.23123628721989084,void_in_void,True
60052.0,238,0.06443,10.28,190.59507930024944,1.5507603954646239,256,-0.49061584811940334,-0.27863376222420777,-0.34478770134131864,0.0,77.90352805007504,77.8978756352202,30.51977398417878,20.40111239576447,13.878077695957959,-0.23123628721989084,void_in_void,True
60052.0,238,0.06443,10.28,190.59507930024944,2.0,256,-0.49061584811940334,-0.2579380953368779,-0.3467199795289655,0.0,88.90504257990273,88.90183066190141,33.92898410126513,19.48197900000156,12.412525217029563,-0.23123628721989084,void_in_void,True
60052.0,238,0.06443,10.28,190.59507930024944,2.5,256,-0.49061584811940334,-0.23123628721989084,-0.23139020991013595,0.0,101.69040343317062,101.6892667030026,48.3844457886593,21.31175584788058,18.564632229351872,-0.23123628721989084,void_in_void,True
60258.0,239,0.05698,9.38,168.82201702018494,0.8,256,0.24723744794806754,0.17242136998231636,0.07977765383782734,0.5560244985417468,-24.873368138392596,-24.87202293963009,49.475426423228186,23.518875148135525,12.678853949488948,-0.35063321905490724,void_in_void,True
60258.0,239,0.05698,9.38,168.82201702018494,1.0,256,0.24723744794806754,0.04555437071907367,-0.053456469295113815,0.4423679386277234,-22.908497461541348,-22.90566971634397,63.32219295097803,23.318290405684532,13.181323593533616,-0.35063321905490724,void_in_void,True
60258.0,239,0.05698,9.38,168.82201702018494,1.25,256,0.24723744794806754,-0.13640871513597577,-0.267256951804295,0.1861484293931229,-10.358524542785943,-10.355546489683071,73.87881675177103,26.9166736788768,12.102622725757344,-0.35063321905490724,void_in_void,True
60258.0,239,0.05698,9.38,168.82201702018494,1.5507603954646239,256,0.24723744794806754,-0.31151190762423586,-0.41327982014148773,-0.17795647850713936,16.876172376376697,16.878052323970806,78.88990510305014,31.906564885677792,13.511724914464192,-0.35063321905490724,void_in_void,True
60258.0,239,0.05698,9.38,168.82201702018494,2.0,256,0.24723744794806754,-0.37834059901597406,-0.48080100089221206,-0.19771055578500704,62.48473183457435,62.48650606666283,82.8617121670348,33.23664322615382,22.558146190026857,-0.35063321905490724,void_in_void,True
60258.0,239,0.05698,9.38,168.82201702018494,2.5,256,0.24723744794806754,-0.35063321905490724,-0.47087247553199635,-0.09939241563296286,99.30603264224632,99.3082595262369,87.80559977523119,29.42401592745176,34.406109952715695,-0.35063321905490724,void_in_void,True
37558.0,243,0.06087,7.12,180.19953771723596,0.8,256,0.24932397637503798,0.3008805298527663,0.24046404841190183,0.9703378134112723,-23.694509943982244,-23.705413385019245,47.36700271149185,42.613430351367306,10.9350631287876,-0.16270395637397084,void_in_void,False
37558.0,243,0.06087,7.12,180.19953771723596,1.0,256,0.24932397637503798,0.2877723288867856,0.2375519660396039,0.9334251539062439,-29.853959083781024,-29.867589923586692,65.0943371360372,44.16575771530537,14.438737091824398,-0.16270395637397084,void_in_void,False
37558.0,243,0.06087,7.12,180.19953771723596,1.25,256,0.24932397637503798,0.22859196866335618,0.16913150115018474,0.844326844861322,-35.14287587771924,-35.158882282316675,83.00989221418448,40.6509205415325,17.71713943605716,-0.16270395637397084,void_in_void,False
37558.0,243,0.06087,7.12,180.19953771723596,1.5507603954646239,256,0.24932397637503798,0.12019261844323172,0.0189307777447405,0.6671157149975705,-35.827926245830724,-35.845114050897635,95.7776517395465,31.514751775582525,20.49320327933027,-0.16270395637397084,void_in_void,True
37558.0,243,0.06087,7.12,180.19953771723596,2.0,256,0.24932397637503798,-0.039523631277193695,-0.20477054144651072,0.3672977807470964,-24.798302474712468,-24.815941885362896,100.0719278721575,21.578474467462843,24.868563404568192,-0.16270395637397084,void_in_void,True
37558.0,243,0.06087,7.12,180.19953771723596,2.5,256,0.24932397637503798,-0.16270395637397084,-0.2683242836471508,0.1759957344734881,-1.9726330466829216,-1.991128130104844,93.67687251790863,27.390792379290815,28.927696988616812,-0.16270395637397084,void_in_void,True
42310.0,244,0.05848,6.0,173.21150280326455,0.8,256,0.23630165768726114,0.47267585714416527,0.3384707797822442,1.1801929955846986,-26.759917409403677,-26.778908664853105,33.09662581415905,44.814980443366146,16.45551743119159,0.18645549283232493,void_in_cloud_or_compensated,False
42310.0,244,0.05848,6.0,173.21150280326455,1.0,256,0.23630165768726114,0.545398969295282,0.3489497285345019,1.4385971954944008,-38.580058723944674,-38.60492810761227,51.621659637420265,53.24544735496573,22.49661105723458,0.18645549283232493,void_in_cloud_or_compensated,False
42310.0,244,0.05848,6.0,173.21150280326455,1.25,256,0.23630165768726114,0.5956754685372162,0.34404109710795605,1.6464099349728212,-54.80929655251874,-54.84139397460885,78.9665837635043,61.61888118592014,28.599432829009583,0.18645549283232493,void_in_cloud_or_compensated,False
42310.0,244,0.05848,6.0,173.21150280326455,1.5507603954646239,256,0.23630165768726114,0.5741899785420815,0.23835975383586627,1.612543605166663,-73.0273511751575,-73.06696700256643,114.45717973382189,69.15485442497723,33.174903860952895,0.18645549283232493,void_in_cloud_or_compensated,False
42310.0,244,0.05848,6.0,173.21150280326455,2.0,256,0.23630165768726114,0.39707573245910727,0.051719120408362816,1.2467339237225277,-88.43371737475397,-88.48008765142991,161.22623042388366,77.47865631385949,38.75207632380018,0.18645549283232493,void_in_cloud_or_compensated,False
42310.0,244,0.05848,6.0,173.21150280326455,2.5,256,0.23630165768726114,0.18645549283232493,-0.09240355423902637,0.7030049714468213,-85.5085957900608,-85.55532878582177,190.4890699359626,82.07786726443804,52.447220876852654,0.18645549283232493,void_in_cloud_or_compensated,False
37481.0,246,0.07036,8.0,207.87552826459608,0.8,256,0.0,-9.299688619543892e-05,0.0,0.0,0.04166452863234385,0.04064266889331594,0.0208416733800246,15.829114664974906,3.0811577408157134,-0.1357047990829721,void_in_void,True
37481.0,246,0.07036,8.0,207.87552826459608,1.0,256,0.0,-0.00911933802485963,0.0,0.0,0.198779251915608,0.19752467806123378,0.2519319544174652,19.50541923675003,4.564360880187983,-0.1357047990829721,void_in_void,True
37481.0,246,0.07036,8.0,207.87552826459608,1.25,256,0.0,-0.049475667851732824,0.0,0.0,2.259873798856193,2.2588582620184683,3.5119939246694796,21.396388831254768,5.688932335742006,-0.1357047990829721,void_in_void,True
37481.0,246,0.07036,8.0,207.87552826459608,1.5507603954646239,256,0.0,-0.08035000803946701,0.0,0.0,7.094527035289851,7.09436381317886,10.874396469248396,21.558801114380124,8.396043795033934,-0.1357047990829721,void_in_void,True
37481.0,246,0.07036,8.0,207.87552826459608,2.0,235,0.0,-0.11405880946708057,0.0,0.0,16.91998044632824,19.32261391109928,21.376034370024108,23.011773900816767,12.918023401942534,-0.1357047990829721,void_in_void,True
37481.0,246,0.07036,8.0,207.87552826459608,2.5,214,0.0,-0.1357047990829721,0.0,0.0,29.854636841847576,34.78936758714907,30.267946035321525,27.191523907278057,17.125162946740065,-0.1357047990829721,void_in_void,True
40843.0,247,0.08652,9.84,254.73927359956335,0.8,256,0.0,0.0,0.0,0.0,0.043779820569295635,0.04497813144518632,0.009320823300488052,2.963764613952777,0.26031353311617594,0.0,void_in_cloud_or_compensated,True
40843.0,247,0.08652,9.84,254.73927359956335,1.0,256,0.0,0.0,0.0,0.0,0.055723179937656644,0.05722145477214874,0.0092551131988436,3.70526340603985,0.40632856444555104,0.0,void_in_cloud_or_compensated,True
40843.0,247,0.08652,9.84,254.73927359956335,1.25,230,0.0,0.0,0.0,0.0,0.1056128017066276,0.3254536623374354,0.0639205666059084,4.668107164826512,0.6246867821522568,0.0,void_in_cloud_or_compensated,True
40843.0,247,0.08652,9.84,254.73927359956335,1.5507603954646239,210,0.0,0.0,0.0,0.0,0.2555769512149941,0.4876748924368521,0.27187314008128205,5.8012119998283245,0.916556449219715,0.0,void_in_cloud_or_compensated,True
40843.0,247,0.08652,9.84,254.73927359956335,2.0,192,0.0,0.0,0.0,0.0,0.6267719804403641,0.6666717034323778,0.7889931520878377,7.6104388771224105,1.4734951852834008,0.0,void_in_cloud_or_compensated,True
40843.0,247,0.08652,9.84,254.73927359956335,2.5,179,0.0,0.0,0.0,0.0,1.3337457600456657,0.8013308002499402,1.7739215039305603,9.901184900836489,2.2580295712552596,0.0,void_in_cloud_or_compensated,True
18809.0,249,0.07452,5.93,219.97135806938678,0.8,256,0.0,0.0,0.0,0.0,0.02514925363606146,0.02688809206388998,0.026048329369584206,4.063915480627808,0.6013627133277754,0.0,void_in_cloud_or_compensated,True
18809.0,249,0.07452,5.93,219.97135806938678,1.0,256,0.0,0.0,0.0,0.0,0.034004034053041386,0.036175703505319554,0.02186058171612881,5.079094508178927,0.9416374722026954,0.0,void_in_cloud_or_compensated,True
18809.0,249,0.07452,5.93,219.97135806938678,1.25,256,0.0,0.0,0.0,0.0,0.03968848839084269,0.042403221227190716,0.02193507776287829,6.351032501192077,1.481129498794415,0.0,void_in_cloud_or_compensated,True
18809.0,249,0.07452,5.93,219.97135806938678,1.5507603954646239,256,0.0,0.0,0.0,0.0,0.05168564977456403,0.05505209769773242,0.022967691504926408,7.878252714453883,2.3118731761223983,0.0,void_in_cloud_or_compensated,True
18809.0,249,0.07452,5.93,219.97135806938678,2.0,256,0.0,0.0,0.0,0.0,0.06270156144955435,0.06704188253776605,0.02270159382599208,10.159496844752592,3.9430249785060454,0.0,void_in_cloud_or_compensated,True
18809.0,249,0.07452,5.93,219.97135806938678,2.5,256,0.0,0.0,0.0,0.0,0.07967761013778717,0.08510580115267863,0.02448861630739172,12.706087226221923,6.403044263089758,0.0,void_in_cloud_or_compensated,True
44562.0,250,0.06419,8.43,189.89476143107933,0.8,256,0.09090557975139951,0.024584862930618463,-0.028995849492179364,0.5289977968486352,-5.815790281606136,-5.8256297208491405,42.03324410987222,19.576600454491768,8.732584246671536,-0.10902648464812162,void_in_void,True
44562.0,250,0.06419,8.43,189.89476143107933,1.0,256,0.09090557975139951,-0.039191816389182996,-0.04833669146968067,0.38994652380543277,-3.201167999559525,-3.2151722612955584,54.39876235787057,22.15797492088353,12.471170894816028,-0.10902648464812162,void_in_void,True
44562.0,250,0.06419,8.43,189.89476143107933,1.25,256,0.09090557975139951,-0.128268069070003,-0.1703040015354104,0.1763615512676422,4.450202915112399,4.432234167371327,65.35404820600233,24.119889537313732,20.580126975844134,-0.10902648464812162,void_in_void,True
44562.0,250,0.06419,8.43,189.89476143107933,1.5507603954646239,256,0.09090557975139951,-0.18622947655351385,-0.2711329092629344,0.07163175414506193,17.601808245854116,17.580750336821925,72.63399582207232,25.8642089696552,33.15380387317038,-0.10902648464812162,void_in_void,True
44562.0,250,0.06419,8.43,189.89476143107933,2.0,256,0.09090557975139951,-0.17330941531943816,-0.2607459928262159,0.006868780650026075,34.48017233348261,34.45653318637342,76.88851087028574,29.953565747174444,49.18312276449784,-0.10902648464812162,void_in_void,True
44562.0,250,0.06419,8.43,189.89476143107933,2.5,243,0.09090557975139951,-0.10902648464812162,-0.18672693884054717,0.04092704164048934,45.70255113068024,45.31548602213297,78.32431788889957,40.057587662942666,53.031791249230785,-0.10902648464812162,void_in_void,False
25320.0,251,0.073,7.78,215.55428561869434,0.8,256,0.0,0.0,0.0,0.0,0.03570908182353193,0.03485022507807822,0.03821031560083917,11.640397717429671,2.7112494356663452,-0.023931787484634454,void_in_void,True
25320.0,251,0.073,7.78,215.55428561869434,1.0,256,0.0,0.0,0.0,0.0,0.04626730061391088,0.04519092503200556,0.033405681936024244,14.558514377841966,4.3046381556927225,-0.023931787484634454,void_in_void,True
25320.0,251,0.073,7.78,215.55428561869434,1.25,256,0.0,0.0,0.0,0.0,0.05238613682309092,0.05104133317307302,0.03654110477682763,18.187720685335574,6.8949038551141255,-0.023931787484634454,void_in_void,True
25320.0,251,0.073,7.78,215.55428561869434,1.5507603954646239,256,0.0,0.0,0.0,0.0,0.0665463612777987,0.06487842015030831,0.031125911301835812,22.565871725275333,11.049916603279357,-0.023931787484634454,void_in_void,True
25320.0,251,0.073,7.78,215.55428561869434,2.0,256,0.0,-0.002381820369509701,0.0,0.0,0.1443806926105535,0.14221903263723745,0.1256470334982381,29.078672666713203,20.128328644854115,-0.023931787484634454,void_in_void,True
25320.0,251,0.073,7.78,215.55428561869434,2.5,256,0.0,-0.023931787484634454,0.0,0.0,2.605361476105249,2.601513130043907,4.147711278188985,34.54443824665939,33.11523640717223,-0.023931787484634454,void_in_void,True
5824.0,252,0.08512,10.17,250.6925232536579,0.8,256,0.0,0.0,0.0,0.0,0.045779241225837784,0.046629999514855795,0.007482176305499097,2.1595386301996435,0.26527419231969646,0.0,void_in_cloud_or_compensated,True
5824.0,252,0.08512,10.17,250.6925232536579,1.0,256,0.0,0.0,0.0,0.0,0.05709938601272376,0.05816358363013589,0.006061276012171272,2.7007445189136408,0.4161825236269246,0.0,void_in_cloud_or_compensated,True
5824.0,252,0.08512,10.17,250.6925232536579,1.25,256,0.0,0.0,0.0,0.0,0.0711149095001391,0.0724456239087604,0.005815135300688373,3.3759716572583867,0.6554852485620013,0.0,void_in_cloud_or_compensated,True
5824.0,252,0.08512,10.17,250.6925232536579,1.5507603954646239,256,0.0,0.0,0.0,0.0,0.0878304992159097,0.08948132225794031,0.0058657306334338,4.188421789302586,1.0191846661061823,0.0,void_in_cloud_or_compensated,True
5824.0,252,0.08512,10.17,250.6925232536579,2.0,256,0.0,0.0,0.0,0.0,0.11396584626625496,0.11609588181516237,0.004649556324157425,5.403128050674738,1.7330694000321538,0.0,void_in_cloud_or_compensated,True
5824.0,252,0.08512,10.17,250.6925232536579,2.5,256,0.0,0.0,0.0,0.0,0.1422351785108898,0.14489705510337944,0.005687205690634903,6.7527150709400345,2.793306735604843,0.0,void_in_cloud_or_compensated,True
9256.0,253,0.06369,5.15,188.43553116851007,0.8,256,-0.33292924533490326,-0.31389557092046694,-0.351169637447149,-0.14813156718654494,18.85270754419739,18.850732666873462,7.706348965211319,14.442818857964825,3.4605646854380425,-0.2910253050464053,void_in_void,True
9256.0,253,0.06369,5.15,188.43553116851007,1.0,256,-0.33292924533490326,-0.3076558792573877,-0.36856586907069677,-0.09880965502032567,23.232538188781884,23.230053003898313,11.401483763799792,17.900118548884436,5.176772025979842,-0.2910253050464053,void_in_void,True
9256.0,253,0.06369,5.15,188.43553116851007,1.25,256,-0.33292924533490326,-0.301711277333451,-0.38499334052625805,-0.03376959321373803,28.540827696513944,28.53786304499812,16.605486566998568,22.03716591532932,7.640392381008957,-0.2910253050464053,void_in_void,True
9256.0,253,0.06369,5.15,188.43553116851007,1.5507603954646239,256,-0.33292924533490326,-0.2982383497502452,-0.4067999102122302,0.0014651131330015725,34.83795371889809,34.83496315716797,23.42133468280434,26.46597080786749,10.695966610263431,-0.2910253050464053,void_in_void,True
9256.0,253,0.06369,5.15,188.43553116851007,2.0,256,-0.33292924533490326,-0.2999916400301277,-0.44779996721662674,-0.06399627966225378,44.41260806496651,44.41147431987016,34.782783065294566,31.971998783198583,14.125666703077632,-0.2910253050464053,void_in_void,True
9256.0,253,0.06369,5.15,188.43553116851007,2.5,256,-0.33292924533490326,-0.2910253050464053,-0.45541133911742526,-0.08324152439393032,55.13952098161612,55.14296535830499,48.859228690456426,38.10308034348728,15.166893326410355,-0.2910253050464053,void_in_void,False
38644.0,255,0.05846,9.91,173.15299503506034,0.8,256,0.5872085239006355,0.21257027081191332,0.12835322257758502,0.7930564337738665,-34.54411517724433,-34.545749390344284,61.728027445260935,29.01777503674285,27.12232944141025,0.04035511908010006,void_in_cloud_or_compensated,True
38644.0,255,0.05846,9.91,173.15299503506034,1.0,256,0.5872085239006355,0.17944619659165448,0.09604779186190565,0.681455531334448,-35.307515109070536,-35.30899192024782,81.12963478684851,35.67105312331335,34.9841161546846,0.04035511908010006,void_in_cloud_or_compensated,False
38644.0,255,0.05846,9.91,173.15299503506034,1.25,256,0.5872085239006355,0.1603307749444787,0.00631796515085619,0.8001152053583563,-37.258830080097404,-37.26104009134981,102.57627408648882,41.296176170845364,41.65044300909905,0.04035511908010006,void_in_cloud_or_compensated,False
38644.0,255,0.05846,9.91,173.15299503506034,1.5507603954646239,256,0.5872085239006355,0.09637059117053806,-0.09344113577887006,0.6706052148091372,-37.93137047004454,-37.937774193106094,123.14089827627258,46.289459416948006,45.6478893846831,0.04035511908010006,void_in_cloud_or_compensated,False
38644.0,255,0.05846,9.91,173.15299503506034,2.0,256,0.5872085239006355,-0.0003554567295871239,-0.139448468722372,0.35585616716946245,-27.923078674372015,-27.93951680857615,141.06617948780416,51.80547161179917,48.393769734733404,0.04035511908010006,void_in_cloud_or_compensated,False
38644.0,255,0.05846,9.91,173.15299503506034,2.5,256,0.5872085239006355,0.04035511908010006,-0.07952589712592478,0.42414051144353404,-19.721857875798168,-19.74453317143243,147.53373093449466,49.85443350464904,52.92137073088372,0.04035511908010006,void_in_cloud_or_compensated,False
60261.0,256,0.07059,7.02,208.5448639564393,0.8,256,0.0,0.0,0.0,0.0,0.02489943702727937,0.028494152693309127,0.023812554850234677,12.773706945160454,1.4843001547557642,-0.10934308421690846,void_in_void,True
60261.0,256,0.07059,7.02,208.5448639564393,1.0,256,0.0,-4.786632247220121e-05,0.0,0.0,0.04428041207558403,0.04877711907530369,0.02687303711368885,15.956629557862184,2.3243792090972395,-0.10934308421690846,void_in_void,True
60261.0,256,0.07059,7.02,208.5448639564393,1.25,256,0.0,-0.00916510594893309,0.0,0.0,0.21238608124727376,0.21795760611920761,0.2918533923637171,19.617174207237554,3.3314749555295085,-0.10934308421690846,void_in_void,True
60261.0,256,0.07059,7.02,208.5448639564393,1.5507603954646239,256,0.0,-0.04939527075633536,0.0,0.0,2.492188898685997,2.498668885908658,3.908867417799088,20.60117902976957,4.3294856096941965,-0.10934308421690846,void_in_void,True
60261.0,256,0.07059,7.02,208.5448639564393,2.0,256,0.0,-0.08968611039447924,0.0,0.0,9.298129623760131,9.30565926318984,14.157601549223951,18.459274043926296,7.801599307348165,-0.10934308421690846,void_in_void,True
60261.0,256,0.07059,7.02,208.5448639564393,2.5,256,0.0,-0.10934308421690846,0.0,0.0,18.396781444958844,18.405251854292793,27.40060371308293,15.677426933249068,11.178808061471967,-0.10934308421690846,void_in_void,True
8200.0,257,0.06192,5.74,183.2673085986909,0.8,256,0.47140231345021605,0.18622810867076603,0.1475804213699637,0.5479873663817934,-18.790821559285295,-18.797375446880167,20.466475226539462,8.973018936447442,7.944082630753207,-0.1595316061073626,void_in_void,True
8200.0,257,0.06192,5.74,183.2673085986909,1.0,256,0.47140231345021605,0.0670734197710487,0.028026715475461667,0.3976540708716001,-16.880804818821396,-16.889651536481235,28.11594366196314,9.819212757199198,11.798653253520778,-0.1595316061073626,void_in_void,True
8200.0,257,0.06192,5.74,183.2673085986909,1.25,256,0.47140231345021605,-0.07302194972332055,-0.12127381001780131,0.20069882365918348,-10.288293983676727,-10.299486425979982,36.10801653567796,11.927830288291101,17.43712378388965,-0.1595316061073626,void_in_void,True
8200.0,257,0.06192,5.74,183.2673085986909,1.5507603954646239,256,0.47140231345021605,-0.1974826785380417,-0.24493794812625025,0.05216485581771689,2.0562995130659467,2.043069793564892,42.68511585205665,15.81143371686729,25.371054528359974,-0.1595316061073626,void_in_void,True
8200.0,257,0.06192,5.74,183.2673085986909,2.0,256,0.47140231345021605,-0.25801524489886596,-0.30360597452133387,-0.052975865922604795,22.62220537177622,22.607035196677916,46.03960379900666,20.927355110119326,38.138200852310405,-0.1595316061073626,void_in_void,True
8200.0,257,0.06192,5.74,183.2673085986909,2.5,256,0.47140231345021605,-0.1595316061073626,-0.27676528707414727,0.0913429852408276,36.21619165096613,36.19953928700562,41.430920141278186,23.69910112184831,49.745294199449674,-0.1595316061073626,void_in_void,True
429.0,258,0.08383,5.67,246.96150533875885,0.8,138,0.0,0.0,0.0,0.0,-0.04797715721041888,0.07118091317575025,0.11057221550544044,1.065327415087874,0.07171236007379393,0.0,void_in_cloud_or_compensated,True
429.0,258,0.08383,5.67,246.96150533875885,1.0,136,0.0,0.0,0.0,0.0,-0.15851314450840945,0.09031650899593234,0.24604212176817492,1.3876176737310153,0.11128073696663171,0.0,void_in_cloud_or_compensated,True
429.0,258,0.08383,5.67,246.96150533875885,1.25,134,0.0,0.0,0.0,0.0,-0.18700246046588348,0.0896991962365164,0.31469364618166096,1.7477452423037074,0.17276148999562224,0.0,void_in_cloud_or_compensated,True
429.0,258,0.08383,5.67,246.96150533875885,1.5507603954646239,133,0.0,0.0,0.0,0.0,-0.29786516693226645,0.1337488665304498,0.48365738535157127,2.2369708827728227,0.2730557001126122,0.0,void_in_cloud_or_compensated,True
429.0,258,0.08383,5.67,246.96150533875885,2.0,132,0.0,0.0,0.0,0.0,-0.6010178557895824,0.19012790168161378,0.9034389374618527,3.0544358994393375,0.465742638646687,0.0,void_in_cloud_or_compensated,True
429.0,258,0.08383,5.67,246.96150533875885,2.5,131,0.0,0.0,0.0,0.0,-1.0440674202156712,0.20081161350726093,1.5036828646983766,3.9990250051057425,0.7578659858551178,0.0,void_in_cloud_or_compensated,True
60804.0,259,0.07301,13.36,215.58335493494786,0.8,256,0.0,0.0,0.0,0.0,0.05791534411280916,0.059230613883108574,0.02898524393106996,17.85884259644466,3.6689023434233667,-0.09685970216582349,void_in_void,True
60804.0,259,0.07301,13.36,215.58335493494786,1.0,256,0.0,0.0,0.0,0.0,0.06805578552054364,0.06969916725611802,0.028526274589813747,22.324437269409522,5.794576613770432,-0.09685970216582349,void_in_void,True
60804.0,259,0.07301,13.36,215.58335493494786,1.25,256,0.0,-0.01592682603546149,0.0,0.0,0.5656353957745778,0.5675989046868744,0.8233705287226368,27.051571303197413,8.232573339516083,-0.09685970216582349,void_in_void,True
60804.0,259,0.07301,13.36,215.58335493494786,1.5507603954646239,256,0.0,-0.054995352665722856,0.0,0.0,5.804785947065757,5.806486403040919,9.160378880903439,26.206850094884988,9.504126991240073,-0.09685970216582349,void_in_void,True
60804.0,259,0.07301,13.36,215.58335493494786,2.0,256,0.0,-0.08409500469844874,0.0,0.0,18.631027175376946,18.631975204463604,28.64180018735738,23.816448984967913,15.783180086293083,-0.09685970216582349,void_in_void,True
60804.0,259,0.07301,13.36,215.58335493494786,2.5,256,0.0,-0.09685970216582349,0.0,0.0,33.380902797505115,33.38096412282945,50.79313264052379,25.78892640567522,23.48611787274648,-0.09685970216582349,void_in_void,True
60905.0,260,0.09388,8.5,275.9721798586206,0.8,253,0.0,0.0,0.0,0.0,0.03744011339561752,0.04838122306910562,0.0014532343437294918,0.5457920069938939,0.04825527465523204,0.0,void_in_cloud_or_compensated,True
60905.0,260,0.09388,8.5,275.9721798586206,1.0,228,0.0,0.0,0.0,0.0,0.03450862683135646,0.14483225570624095,0.0181429625819063,0.6723921501322621,0.07191546739477603,0.0,void_in_cloud_or_compensated,True
60905.0,260,0.09388,8.5,275.9721798586206,1.25,208,0.0,0.0,0.0,0.0,0.016438159967236694,0.22343558069394798,0.05690468322564668,0.882204248596381,0.10679569041154179,0.0,void_in_cloud_or_compensated,True
60905.0,260,0.09388,8.5,275.9721798586206,1.5507603954646239,192,0.0,0.0,0.0,0.0,-0.02688120303559332,0.2991134031215619,0.13120108224070165,1.1569907694490513,0.15957586265290472,0.0,void_in_cloud_or_compensated,True
60905.0,260,0.09388,8.5,275.9721798586206,2.0,178,0.0,0.0,0.0,0.0,-0.10617988911001694,0.3846209348275415,0.2674665859248312,1.5832637916724157,0.2586281781424984,0.0,void_in_cloud_or_compensated,True
60905.0,260,0.09388,8.5,275.9721798586206,2.5,165,0.0,0.0,0.0,0.0,-0.3067454833485547,0.4297027874592256,0.5595076545975931,2.12592966071509,0.3937237281585564,0.0,void_in_cloud_or_compensated,True
60313.0,262,0.05298,10.29,157.10283152696437,0.8,256,0.5046241617210258,-0.01515069307787395,0.025947425812403162,0.3453923527198557,-14.787145411652919,-14.790774159253766,53.52248490378506,40.12067744462636,10.96492591156438,-0.13059521736954988,void_in_void,False
60313.0,262,0.05298,10.29,157.10283152696437,1.0,256,0.5046241617210258,-0.08759576114591078,-0.0641317491062379,0.21962062732532472,-5.210154936455204,-5.213155363686624,62.305898543615776,47.74591769457672,14.172885228217096,-0.13059521736954988,void_in_void,False
60313.0,262,0.05298,10.29,157.10283152696437,1.25,256,0.5046241617210258,-0.11332098255552533,-0.1569250810959141,0.20475754045656297,6.189252454540955,6.18905984238836,68.97351255937043,54.54739545235615,18.26904173085619,-0.13059521736954988,void_in_void,False
60313.0,262,0.05298,10.29,157.10283152696437,1.5507603954646239,256,0.5046241617210258,-0.10449400279998855,-0.1809932557196543,0.24660527768229962,15.955751165255048,15.961055873109373,74.71485353979858,60.667470313768746,26.535566833436846,-0.13059521736954988,void_in_void,False
60313.0,262,0.05298,10.29,157.10283152696437,2.0,256,0.5046241617210258,-0.1155213018514156,-0.2191732436242113,0.2666600868306071,26.357949218360208,26.373060540150338,79.77712413280939,68.79755692452437,43.32052967803459,-0.13059521736954988,void_in_void,False
60313.0,262,0.05298,10.29,157.10283152696437,2.5,256,0.5046241617210258,-0.13059521736954988,-0.2649342060231732,0.18771476658980957,39.7888679619379,39.810136969260704,77.28796581739358,69.28095459262066,47.20036566149191,-0.13059521736954988,void_in_void,False
39874.0,263,0.07425,5.63,219.1869617837138,0.8,256,0.0,0.0,0.0,0.0,0.02880889239891403,0.028860644493139503,0.019081980968156324,4.482433013824003,0.24151881999768654,0.0,void_in_cloud_or_compensated,True
39874.0,263,0.07425,5.63,219.1869617837138,1.0,256,0.0,0.0,0.0,0.0,0.029857302936531188,0.029924200817662467,0.02337337990119697,5.599601658817821,0.38059262176921643,0.0,void_in_cloud_or_compensated,True
39874.0,263,0.07425,5.63,219.1869617837138,1.25,256,0.0,0.0,0.0,0.0,0.039838372188299415,0.03991675296147536,0.0169047199547268,7.004765370889298,0.6075865665058623,0.0,void_in_cloud_or_compensated,True
39874.0,263,0.07425,5.63,219.1869617837138,1.5507603954646239,256,0.0,0.0,0.0,0.0,0.047476355167815024,0.04757604874234503,0.022155191306983308,8.686355185047365,0.9529269831237115,0.0,void_in_cloud_or_compensated,True
39874.0,263,0.07425,5.63,219.1869617837138,2.0,256,0.0,0.0,0.0,0.0,0.06466247909959488,0.06478825588791143,0.021413936228125627,11.20341422704656,1.6622030430978783,0.0,void_in_cloud_or_compensated,True
39874.0,263,0.07425,5.63,219.1869617837138,2.5,256,0.0,0.0,0.0,0.0,0.08094402571877356,0.08110082376702873,0.023048788124662246,14.001564396732114,2.7889632080640894,0.0,void_in_cloud_or_compensated,True
54493.0,267,0.05342,5.69,158.39292989957653,0.8,256,0.18122479140769565,0.03354762799254108,-0.015944705819926252,0.27392375217381604,-5.336734045746606,-5.345473507699298,12.716513660896428,22.880647800746207,8.048030341373751,0.008637692441588032,void_in_cloud_or_compensated,True
54493.0,267,0.05342,5.69,158.39292989957653,1.0,256,0.18122479140769565,-0.010715481736438465,-0.07003263486777933,0.2182630494571266,-3.745939783838181,-3.7567823168339816,17.832258570772105,27.713520805429724,11.757370223560939,0.008637692441588032,void_in_cloud_or_compensated,True
54493.0,267,0.05342,5.69,158.39292989957653,1.25,256,0.18122479140769565,-0.04724191527002947,-0.13265003805344133,0.1954293276392874,-0.7612038364771259,-0.7742448105074451,24.0491636424946,33.5069913064214,16.588509769985464,0.008637692441588032,void_in_cloud_or_compensated,True
54493.0,267,0.05342,5.69,158.39292989957653,1.5507603954646239,256,0.18122479140769565,-0.062464655675824446,-0.17360032929710273,0.3018982025625218,2.970502995419322,2.955571542501451,31.543791427574128,40.54219990348189,22.442707993228044,0.008637692441588032,void_in_cloud_or_compensated,False
54493.0,267,0.05342,5.69,158.39292989957653,2.0,256,0.18122479140769565,-0.041433290472528916,-0.1915389898524913,0.38459730858170194,6.5476169833114435,6.532042129811844,45.3285486279091,50.72653343092823,31.224375595027713,0.008637692441588032,void_in_cloud_or_compensated,False
54493.0,267,0.05342,5.69,158.39292989957653,2.5,256,0.18122479140769565,0.008637692441588032,-0.1439772544687617,0.5911336131083167,5.725219971450874,5.71279915990329,65.45741451966765,58.581216994478645,38.283543960915345,0.008637692441588032,void_in_cloud_or_compensated,False
37557.0,269,0.07172,11.55,211.83236072774903,0.8,256,0.0,0.0,0.0,0.0,0.05410569106555974,0.05500506088150027,0.0016860120492154422,8.051730690257903,2.9635440573357457,-0.05909970388285614,void_in_void,True
37557.0,269,0.07172,11.55,211.83236072774903,1.0,256,0.0,-0.0036500546846946914,0.0,0.0,0.12497803391642684,0.12610898019940878,0.1007362972474945,9.959242921201396,5.290923515366318,-0.05909970388285614,void_in_void,True
37557.0,269,0.07172,11.55,211.83236072774903,1.25,256,0.0,-0.03586501942229079,0.0,0.0,2.1645368240027523,2.1660949369493525,3.399626597645925,9.939759109696839,12.358247937719899,-0.05909970388285614,void_in_void,True
37557.0,269,0.07172,11.55,211.83236072774903,1.5507603954646239,256,0.0,-0.05133859493164226,0.0,0.0,7.405723072079111,7.407776897685766,11.376151444838229,11.45625410772885,20.345190144780325,-0.05909970388285614,void_in_void,True
37557.0,269,0.07172,11.55,211.83236072774903,2.0,256,0.0,-0.04187273819863177,0.0,0.0,12.951135642187461,12.951875761610216,19.368622947394304,22.19481003052175,19.39910776453636,-0.05909970388285614,void_in_void,True
37557.0,269,0.07172,11.55,211.83236072774903,2.5,256,0.0,-0.05909970388285614,0.0,0.0,18.722557667979082,18.720989195106423,27.743558869926698,36.97123323433391,24.902131645288033,-0.05909970388285614,void_in_void,False
43231.0,270,0.05545,7.0,164.34181311948643,0.8,256,0.11646420266654563,0.17212526731615768,0.08594612527464096,0.712315350104192,-11.63444594719096,-11.636577047048393,30.531928052772503,34.068185167412075,17.88825292478584,0.17627240238939357,void_in_cloud_or_compensated,True
43231.0,270,0.05545,7.0,164.34181311948643,1.0,256,0.11646420266654563,0.20545706577558845,0.15644967097418394,0.7565521177515364,-16.722616996434578,-16.7233971863875,42.11609619950643,36.820344919569166,25.16627730111814,0.17627240238939357,void_in_cloud_or_compensated,False
43231.0,270,0.05545,7.0,164.34181311948643,1.25,256,0.11646420266654563,0.24354409809409916,0.18595378990020123,0.8880584836366442,-24.516746464139047,-24.51392438352991,55.09343146362114,39.73612061942214,33.370511517601834,0.17627240238939357,void_in_cloud_or_compensated,False
43231.0,270,0.05545,7.0,164.34181311948643,1.5507603954646239,256,0.11646420266654563,0.2602680162831186,0.16236126112824034,0.8920251185307146,-34.7828859224069,-34.77275256024532,66.4499897898087,46.0441408081217,41.3176530692351,0.17627240238939357,void_in_cloud_or_compensated,False
43231.0,270,0.05545,7.0,164.34181311948643,2.0,256,0.11646420266654563,0.22322561558465998,0.050317684694111436,0.9301242287110967,-46.978827632429486,-46.95310906337528,74.7003189023587,61.01710658131202,51.43523532807394,0.17627240238939357,void_in_cloud_or_compensated,False
43231.0,270,0.05545,7.0,164.34181311948643,2.5,256,0.11646420266654563,0.17627240238939357,-0.15315798527884358,1.0075118516424988,-53.685169911221635,-53.64149398016444,82.74986626269556,72.1299720976769,61.46846529077792,0.17627240238939357,void_in_cloud_or_compensated,False
5948.0,273,0.098,6.42,287.82752774917253,0.8,225,0.0,0.0,0.0,0.0,0.03208128356661157,0.050926928330994374,0.00524164656742797,0.5147366471065578,0.024021709746802525,0.0,void_in_cloud_or_compensated,True
5948.0,273,0.098,6.42,287.82752774917253,1.0,206,0.0,0.0,0.0,0.0,0.045854073370515586,0.07316041857652222,0.015010820177392354,0.6336705192753359,0.03470613971173876,0.0,void_in_cloud_or_compensated,True
5948.0,273,0.098,6.42,287.82752774917253,1.25,176,0.0,0.0,0.0,0.0,0.07218217443424271,0.05780534146930853,0.030650937360878896,0.8022421722180905,0.051274853476846176,0.0,void_in_cloud_or_compensated,True
5948.0,273,0.098,6.42,287.82752774917253,1.5507603954646239,146,0.0,0.0,0.0,0.0,0.10545778108255671,-0.007865333707276066,0.04759675519268575,0.9892546136004965,0.06586750186979436,0.0,void_in_cloud_or_compensated,True
5948.0,273,0.098,6.42,287.82752774917253,2.0,127,0.0,0.0,0.0,0.0,0.20596653723783004,-0.127790856486073,0.10051381181160737,1.3169070383485941,0.10332438072887623,0.0,void_in_cloud_or_compensated,True
5948.0,273,0.098,6.42,287.82752774917253,2.5,112,0.0,0.0,0.0,0.0,0.40564786410433107,-0.30585291581387125,0.23248994651338642,1.7397312208201041,0.13852721849678473,0.0,void_in_cloud_or_compensated,True
8218.0,276,0.0719,6.19,212.35588258732412,0.8,256,0.0,0.0,0.0,0.0,0.030449089700279933,0.028107001921814728,0.013994574647043054,7.74442345282792,0.8514411855405561,-0.04531504121928702,void_in_void,True
8218.0,276,0.0719,6.19,212.35588258732412,1.0,256,0.0,0.0,0.0,0.0,0.03079307420266966,0.027860010795238366,0.01468100382796939,9.68895121880632,1.3293559708645306,-0.04531504121928702,void_in_void,True
8218.0,276,0.0719,6.19,212.35588258732412,1.25,256,0.0,0.0,0.0,0.0,0.0470115481574265,0.04334993631707951,0.016478659160842662,12.100973252363254,2.0801789593979727,-0.04531504121928702,void_in_void,True
8218.0,276,0.0719,6.19,212.35588258732412,1.5507603954646239,256,0.0,0.0,0.0,0.0,0.05313761632377456,0.048589636111175005,0.012930735450181688,15.022807734712057,3.2230260070582504,-0.04531504121928702,void_in_void,True
8218.0,276,0.0719,6.19,212.35588258732412,2.0,256,0.0,-0.0036480350400489945,0.0,0.0,0.13417252670132965,0.12835400470465283,0.12132810460313466,19.272263712296766,5.324939388243242,-0.04531504121928702,void_in_void,True
8218.0,276,0.0719,6.19,212.35588258732412,2.5,256,0.0,-0.04531504121928702,0.0,0.0,2.836276503488501,2.8306836626717518,4.446066811012956,20.680653758266384,7.552519765125536,-0.04531504121928702,void_in_void,True
20254.0,278,0.09214,6.78,270.95873623799025,0.8,256,0.0,0.0,0.0,0.0,0.030414690711727196,0.030250776947356277,0.00032758826356984213,1.520405332125486,0.08590116726234402,0.0,void_in_cloud_or_compensated,True
20254.0,278,0.09214,6.78,270.95873623799025,1.0,256,0.0,0.0,0.0,0.0,0.038135421320584374,0.03793048727417243,0.00036362318004705673,1.9004242656095616,0.13429804016413469,0.0,void_in_cloud_or_compensated,True
20254.0,278,0.09214,6.78,270.95873623799025,1.25,256,0.0,0.0,0.0,0.0,0.04763263793539724,0.047376481136655296,0.000381294197993818,2.3756126167604794,0.209930581407014,0.0,void_in_cloud_or_compensated,True
20254.0,278,0.09214,6.78,270.95873623799025,1.5507603954646239,256,0.0,0.0,0.0,0.0,0.059152482871554404,0.05883468240422646,0.00035975272777710564,2.9469988783384164,0.32354444347408307,0.0,void_in_cloud_or_compensated,True
20254.0,278,0.09214,6.78,270.95873623799025,2.0,256,0.0,0.0,0.0,0.0,0.07612332823285255,0.0757135165816464,0.00037783008213758385,3.800890384208234,0.5400767268260537,0.0,void_in_cloud_or_compensated,True
20254.0,278,0.09214,6.78,270.95873623799025,2.5,256,0.0,0.0,0.0,0.0,0.09529750162660672,0.09478522681430647,0.00040010447653184814,4.751172581520902,0.8475318720297045,0.0,void_in_cloud_or_compensated,True
38349.0,279,0.06974,7.68,206.07089659841915,0.8,256,0.0,-0.006745928919335811,0.0,0.0,0.15358733122884663,0.15049145268705288,0.2560597474235971,16.62028994072527,5.332155763802257,-0.03797373497555354,void_in_void,True
38349.0,279,0.06974,7.68,206.07089659841915,1.0,256,0.0,-0.02274134122663156,0.0,0.0,0.973785382036376,0.9696092154391849,1.5636719129279273,20.16813233941824,8.543694392531764,-0.03797373497555354,void_in_void,True
38349.0,279,0.06974,7.68,206.07089659841915,1.25,256,0.0,-0.026871761376903343,0.0,0.0,2.4049015937155893,2.399249576802252,3.8285298699806116,23.66624244307103,12.633045280567096,-0.03797373497555354,void_in_void,True
38349.0,279,0.06974,7.68,206.07089659841915,1.5507603954646239,256,0.0,-0.017629679888103978,0.0,0.0,3.483403299061905,3.476614298796377,5.711477950427898,26.660148494152185,15.765507254384328,-0.03797373497555354,void_in_void,True
38349.0,279,0.06974,7.68,206.07089659841915,2.0,256,0.0,-0.009063605010502436,0.0,0.0,3.469170334018606,3.4626125071446765,6.443914725823079,31.244650610240623,15.268214139489155,-0.03797373497555354,void_in_void,True
38349.0,279,0.06974,7.68,206.07089659841915,2.5,256,0.0,-0.03797373497555354,0.0,0.0,5.017384791313529,5.012639582974524,10.038110384453129,41.75792767173654,20.029868393310903,-0.03797373497555354,void_in_void,False
39679.0,280,0.07838,10.27,231.17514170826547,0.8,256,0.0,0.0,0.0,0.0,0.04502693098892046,0.04631149081310612,0.0012788487892835755,5.858730719519044,0.8040115431330805,0.0,void_in_cloud_or_compensated,True
39679.0,280,0.07838,10.27,231.17514170826547,1.0,235,0.0,0.0,0.0,0.0,-0.09420318754766664,0.9153011511134674,0.2288986508406425,7.125603140398672,1.2191973159969387,0.0,void_in_cloud_or_compensated,True
39679.0,280,0.07838,10.27,231.17514170826547,1.25,214,0.0,0.0,0.0,0.0,-0.6291205439374797,1.9027843093511334,0.9634606524006163,9.512122964357506,1.7669700467621103,0.0,void_in_cloud_or_compensated,True
39679.0,280,0.07838,10.27,231.17514170826547,1.5507603954646239,194,0.0,0.0,0.0,0.0,-1.6395579855739304,2.736214984714705,2.276798012462015,13.179435149780508,2.691223277009198,0.0,void_in_cloud_or_compensated,True
39679.0,280,0.07838,10.27,231.17514170826547,2.0,183,0.0,0.0,0.0,0.0,-3.6582742620799067,3.5503542367582943,4.938602063201141,19.003538961496606,4.554835719474638,0.0,void_in_cloud_or_compensated,True
39679.0,280,0.07838,10.27,231.17514170826547,2.5,169,0.0,0.0,0.0,0.0,-8.451142822976575,4.405143504876119,10.998826122428817,27.982078391723263,7.666261204332392,0.0,void_in_cloud_or_compensated,True
40928.0,283,0.06003,5.75,177.74431579922506,0.8,256,0.1286751774814707,0.12475177320357801,0.15211973419281305,0.3409031078135232,-8.624610399501695,-8.622393472134739,12.322441928219261,14.728805397983589,6.555645925661622,-0.15790645094724345,void_in_void,True
40928.0,283,0.06003,5.75,177.74431579922506,1.0,256,0.1286751774814707,0.10233260272037262,0.1388622980529129,0.366117691551297,-10.067011890621469,-10.065345130028593,17.76598619381431,20.196384564201402,9.815343739400776,-0.15790645094724345,void_in_void,True
40928.0,283,0.06003,5.75,177.74431579922506,1.25,256,0.1286751774814707,0.05736108689210581,0.10889564489992756,0.3477413389259577,-10.41093832976069,-10.410661257821912,25.13312956171026,27.84974247789349,14.303876727774503,-0.15790645094724345,void_in_void,True
40928.0,283,0.06003,5.75,177.74431579922506,1.5507603954646239,256,0.1286751774814707,-0.01861701424451855,0.019470649819007313,0.28590803066287046,-7.842703655497461,-7.844757906580389,34.12439624639361,37.03296858112651,19.804320468469527,-0.15790645094724345,void_in_void,False
40928.0,283,0.06003,5.75,177.74431579922506,2.0,256,0.1286751774814707,-0.12787084104213403,-0.14589704300926212,0.12142129849599063,2.4414346682077817,2.4362832154398113,45.2035880432713,48.44436756711829,28.034670939120176,-0.15790645094724345,void_in_void,False
40928.0,283,0.06003,5.75,177.74431579922506,2.5,256,0.1286751774814707,-0.15790645094724345,-0.23384111878537678,0.06584917190141057,16.982825861273696,16.976564470626048,51.74640585707985,56.673941760769395,37.34164876868076,-0.15790645094724345,void_in_void,False
60282.0,286,0.06801,5.83,201.03280552472964,0.8,256,-0.0038248788944996695,-0.00622982946892542,0.0,0.06559852199037251,0.5296566422885036,0.5269043803710195,2.6758957103617007,10.143274688106786,4.759486758028253,-0.09132252785165436,void_in_void,True
60282.0,286,0.06801,5.83,201.03280552472964,1.0,256,-0.0038248788944996695,-0.0077717110008509276,0.0,0.07360926071481413,0.6327631148023704,0.629367278172544,4.563329371057034,11.029886777921716,6.0851600697350445,-0.09132252785165436,void_in_void,True
60282.0,286,0.06801,5.83,201.03280552472964,1.25,256,-0.0038248788944996695,-0.02630462924712634,0.0,0.03994365126549239,1.2664810559124586,1.2624377840371537,6.893478486010122,12.17603146585946,7.89807205451326,-0.09132252785165436,void_in_void,True
60282.0,286,0.06801,5.83,201.03280552472964,1.5507603954646239,256,-0.0038248788944996695,-0.056300864849332624,0.0,0.0,3.4528130335197127,3.4482164017851495,9.320172582495934,14.124822603448441,10.514467702943028,-0.09132252785165436,void_in_void,True
60282.0,286,0.06801,5.83,201.03280552472964,2.0,256,-0.0038248788944996695,-0.09384091105468435,0.0,0.0,9.245494349940182,9.240714945717983,11.815614022630657,17.352996950147315,14.904022492867659,-0.09132252785165436,void_in_void,True
60282.0,286,0.06801,5.83,201.03280552472964,2.5,254,-0.0038248788944996695,-0.09132252785165436,0.0,0.0,15.730435492386897,15.739020894994589,13.275768846066963,18.957372668121845,18.96643081334642,-0.09132252785165436,void_in_void,True
42537.0,287,0.06311,7.41,186.74242682090537,0.8,256,0.4229921407969413,0.211494798696691,0.18419079904962177,0.5478547593684845,-24.812571804619452,-24.802169644984993,28.491321295601313,26.61573282806958,12.023744287235148,-0.08481603519915734,void_in_void,True
42537.0,287,0.06311,7.41,186.74242682090537,1.0,256,0.4229921407969413,0.12107946501634213,0.10504720085415724,0.4557005701079212,-24.214712904589902,-24.200818120196622,34.16676754094442,31.58141686436807,16.418527461737874,-0.08481603519915734,void_in_void,True
42537.0,287,0.06311,7.41,186.74242682090537,1.25,256,0.4229921407969413,0.03116933330623452,-0.03201280227673986,0.3247639085478156,-20.048924749923007,-20.03285917794262,37.37564938073228,35.57164956985959,20.6125710180691,-0.08481603519915734,void_in_void,False
42537.0,287,0.06311,7.41,186.74242682090537,1.5507603954646239,256,0.4229921407969413,-0.03439702456980342,-0.17585354287864569,0.22164035570021468,-12.339956316951723,-12.326170135915257,39.848666264010724,34.91687958807322,22.533869310052644,-0.08481603519915734,void_in_void,True
42537.0,287,0.06311,7.41,186.74242682090537,2.0,256,0.4229921407969413,-0.0808293556634056,-0.2457839357430871,0.18245724266305813,-0.030281752561712706,-0.028016140816742308,51.50252526516773,25.344341586345344,22.065777203296467,-0.08481603519915734,void_in_void,True
42537.0,287,0.06311,7.41,186.74242682090537,2.5,256,0.4229921407969413,-0.08481603519915734,-0.22233422572377504,0.2629841977568527,10.4507903279062,10.44088998831026,65.49220682141252,20.608439781811487,30.32530907730853,-0.08481603519915734,void_in_void,True
38355.0,288,0.07191,6.67,212.3849659245814,0.8,256,0.0,0.0,0.0,0.0,0.030799556743825354,0.02971965714642566,0.027891078003732143,7.864575937874269,1.375009337440549,-0.04211594652444213,void_in_void,True
38355.0,288,0.07191,6.67,212.3849659245814,1.0,256,0.0,0.0,0.0,0.0,0.03743411873776276,0.03609116839777285,0.023333969772224544,9.825593643787013,2.177929178947111,-0.04211594652444213,void_in_void,True
38355.0,288,0.07191,6.67,212.3849659245814,1.25,256,0.0,0.0,0.0,0.0,0.051482685064215855,0.049800661508693944,0.03197462255611604,12.285969454763713,3.495131991056661,-0.04211594652444213,void_in_void,True
38355.0,288,0.07191,6.67,212.3849659245814,1.5507603954646239,256,0.0,-3.4904509004495835e-06,0.0,0.0,0.06657817373398313,0.06449157231029287,0.03528037978761416,15.244119984917868,5.606183314699773,-0.04211594652444213,void_in_void,True
38355.0,288,0.07191,6.67,212.3849659245814,2.0,256,0.0,-0.016568705784472615,0.0,0.0,0.5228330786558402,0.5200168420322595,0.7738772787625872,19.473847571725884,9.167889312135744,-0.04211594652444213,void_in_void,True
38355.0,288,0.07191,6.67,212.3849659245814,2.5,256,0.0,-0.04211594652444213,0.0,0.0,4.253408498447328,4.248860262463124,6.726696870707229,23.974075678376646,12.391475392131639,-0.04211594652444213,void_in_void,True
34127.0,289,0.07303,7.95,215.64149318494648,0.8,256,0.0,0.0,0.0,0.0,0.03792810012988632,0.03530787358669507,0.04013504810665328,10.584970022352676,2.7304275946087966,-0.02806740357665473,void_in_void,True
34127.0,289,0.07303,7.95,215.64149318494648,1.0,256,0.0,0.0,0.0,0.0,0.04663805473276647,0.043365082783510256,0.0400031215789311,13.2322527025089,4.348047471350466,-0.02806740357665473,void_in_void,True
34127.0,289,0.07303,7.95,215.64149318494648,1.25,256,0.0,0.0,0.0,0.0,0.05992572061414462,0.05583039575203064,0.038831235440075225,16.53894619735183,6.968260179595591,-0.02806740357665473,void_in_void,True
34127.0,289,0.07303,7.95,215.64149318494648,1.5507603954646239,256,0.0,0.0,0.0,0.0,0.07353871140200141,0.06845599718521744,0.03887453684587282,20.516761378824413,11.166596077833718,-0.02806740357665473,void_in_void,True
34127.0,289,0.07303,7.95,215.64149318494648,2.0,256,0.0,-0.005438084674466767,0.0,0.0,0.19890630455571526,0.1922594699679281,0.21342441984846508,26.490552085093434,20.04316292519463,-0.02806740357665473,void_in_void,True
34127.0,289,0.07303,7.95,215.64149318494648,2.5,256,0.0,-0.02806740357665473,0.0,0.0,3.0674023499724603,3.0569689511629745,4.906384428414926,33.448208538768014,31.95420348729338,-0.02806740357665473,void_in_void,True
40381.0,290,0.06564,10.97,194.12473521103126,0.8,256,-0.35527005006346163,-0.2800235646539726,-0.3263684561396348,-0.03114329599119282,42.35338025292261,42.35084259322212,10.838237029432229,17.941249523612246,9.894147653188607,-0.13740570055321638,void_in_void,True
40381.0,290,0.06564,10.97,194.12473521103126,1.0,256,-0.35527005006346163,-0.22763603618364736,-0.2369081773887342,0.0,46.27162584054216,46.27081206774082,10.083637577502586,20.73087265661048,12.699620074519196,-0.13740570055321638,void_in_void,True
40381.0,290,0.06564,10.97,194.12473521103126,1.25,256,-0.35527005006346163,-0.16758270941280834,-0.1379892404051079,0.0,48.17691577910814,48.17714194928004,13.15483096642234,22.675771721177473,14.020325950304867,-0.13740570055321638,void_in_void,True
40381.0,290,0.06564,10.97,194.12473521103126,1.5507603954646239,256,-0.35527005006346163,-0.15272686561169566,-0.09696599467812206,0.0,49.20070639965796,49.20169309874503,23.83808826317913,21.050463889845084,13.265823375646045,-0.13740570055321638,void_in_void,True
40381.0,290,0.06564,10.97,194.12473521103126,2.0,256,-0.35527005006346163,-0.184761055161286,-0.08461479022530324,0.0,58.29412015497271,58.29603444744952,39.571914220509385,19.11457712097642,16.1458973312531,-0.13740570055321638,void_in_void,True
40381.0,290,0.06564,10.97,194.12473521103126,2.5,256,-0.35527005006346163,-0.13740570055321638,0.0,0.0,68.4647571118706,68.46404465133608,53.930689458923936,25.84995049865551,19.33720215885725,-0.13740570055321638,void_in_void,True
26185.0,291,0.05974,5.3,176.89647226108164,0.8,256,0.5639580117072116,0.6646952301750164,0.5882126175352311,1.2767889257217413,-38.135764118505904,-38.126857523865546,30.30452724521461,36.4646330722739,8.80349545226371,0.22280717888499624,void_in_cloud_or_compensated,False
26185.0,291,0.05974,5.3,176.89647226108164,1.0,256,0.5639580117072116,0.6836022691264066,0.5703808381561098,1.361046954294577,-49.410033452690776,-49.399057723190964,44.30589108678789,42.33499577856349,12.003136893379292,0.22280717888499624,void_in_cloud_or_compensated,False
26185.0,291,0.05974,5.3,176.89647226108164,1.25,256,0.5639580117072116,0.6725483592312258,0.5511370171116796,1.3818283467132675,-63.05197929512706,-63.039161112393984,62.26599225352251,47.73708374542761,15.73385947020842,0.22280717888499624,void_in_cloud_or_compensated,False
26185.0,291,0.05974,5.3,176.89647226108164,1.5507603954646239,256,0.5639580117072116,0.6021060976666843,0.47498988828634364,1.4007444529589814,-76.75580861969146,-76.74236572876352,81.51410252847917,51.78012658145043,20.587912463944438,0.22280717888499624,void_in_cloud_or_compensated,False
26185.0,291,0.05974,5.3,176.89647226108164,2.0,256,0.5639580117072116,0.4167217051712579,0.3331692767075135,1.048103120838959,-86.95822481668719,-86.94704994926211,99.91275716672547,54.534732122665815,30.94804493098987,0.22280717888499624,void_in_cloud_or_compensated,False
26185.0,291,0.05974,5.3,176.89647226108164,2.5,256,0.5639580117072116,0.22280717888499624,0.15184723087286311,0.7024252733577934,-83.97066837023557,-83.96350637448988,105.46811007199626,53.957460723009525,44.61798056700509,0.22280717888499624,void_in_cloud_or_compensated,False
62163.0,295,0.08925,12.15,262.6231957897394,0.8,247,0.0,0.0,0.0,0.0,0.04660783738951401,0.11500236533400626,0.01609732876747978,1.1399021119764146,0.16445040429614677,0.0,void_in_cloud_or_compensated,True
62163.0,295,0.08925,12.15,262.6231957897394,1.0,223,0.0,0.0,0.0,0.0,0.012400814518155284,0.29815184120516425,0.0837105806124447,1.4507561249198675,0.24456934341403297,0.0,void_in_cloud_or_compensated,True
62163.0,295,0.08925,12.15,262.6231957897394,1.25,204,0.0,0.0,0.0,0.0,-0.0608616976206812,0.45283159385658056,0.2072426859045631,1.9328748989430167,0.36905696264620186,0.0,void_in_cloud_or_compensated,True
62163.0,295,0.08925,12.15,262.6231957897394,1.5507603954646239,189,0.0,0.0,0.0,0.0,-0.24336604029984907,0.6031384855330313,0.47569830334435725,2.6072384934376154,0.5529473713919196,0.0,void_in_cloud_or_compensated,True
62163.0,295,0.08925,12.15,262.6231957897394,2.0,176,0.0,0.0,0.0,0.0,-0.5991015415441064,0.7805478744948293,1.0068877428575829,3.69023389883058,0.9273156913649363,0.0,void_in_cloud_or_compensated,True
62163.0,295,0.08925,12.15,262.6231957897394,2.5,166,0.0,0.0,0.0,0.0,-1.1311004171019456,0.9290101996607878,1.820651501687484,5.011651678414286,1.557767761136784,0.0,void_in_cloud_or_compensated,True
60013.0,297,0.0667,17.17,197.21530284744262,0.8,187,-0.44105488819001293,0.1393133248270653,0.0,0.7266790948191438,12.752927878713853,2.6410632639146026,17.39133934143069,52.467275455124266,41.127345405963744,-0.13879332913847167,void_in_void,False
60013.0,297,0.0667,17.17,197.21530284744262,1.0,175,-0.44105488819001293,0.21920506417132632,-0.004267249987371632,1.015615034792308,-1.1112668194126345,-25.67578790902306,42.01324695336362,37.19279801012829,39.42704437401841,-0.13879332913847167,void_in_void,False
60013.0,297,0.0667,17.17,197.21530284744262,1.25,166,-0.44105488819001293,0.15146047608141114,-0.10890029169710332,0.7274031330541845,-5.305873706403359,-50.32636575366835,75.98507630106164,12.608234350401217,32.21017597692734,-0.13879332913847167,void_in_void,True
60013.0,297,0.0667,17.17,197.21530284744262,1.5507603954646239,159,-0.44105488819001293,-0.017527409987124015,-0.20269476891956162,0.24421032934670367,13.992665867635653,-50.70210759391317,106.03267213564538,45.87933191550468,35.565520879819324,-0.13879332913847167,void_in_void,False
60013.0,297,0.0667,17.17,197.21530284744262,2.0,152,-0.44105488819001293,-0.18040777931071103,-0.26390301995690935,0.02526739296212681,25.481601047957472,-4.407810866252592,71.26375705000359,45.305991662271346,33.81006320752407,-0.13879332913847167,void_in_void,False
60013.0,297,0.0667,17.17,197.21530284744262,2.5,147,-0.44105488819001293,-0.13879332913847167,-0.2430787611962963,0.1057505700624529,69.85448861131327,42.54787634899951,47.53230814836313,38.304741459148126,55.297737408653525,-0.13879332913847167,void_in_void,False
47419.0,298,0.08894,9.38,261.72843398268043,0.8,256,0.0,0.0,0.0,0.0,0.0422934126454861,0.04256756879390664,0.0008671313233138823,1.2171080737573912,0.13840799516652566,0.0,void_in_cloud_or_compensated,True
47419.0,298,0.08894,9.38,261.72843398268043,1.0,256,0.0,0.0,0.0,0.0,0.05276097583459104,0.053103595622375065,0.0010680913417303593,1.521289667147553,0.21682408612851084,0.0,void_in_cloud_or_compensated,True
47419.0,298,0.08894,9.38,261.72843398268043,1.25,256,0.0,0.0,0.0,0.0,0.06597145663472448,0.06639978172876741,0.001125046284061827,1.9016304600801712,0.3404258964065965,0.0,void_in_cloud_or_compensated,True
47419.0,298,0.08894,9.38,261.72843398268043,1.5507603954646239,256,0.0,0.0,0.0,0.0,0.08194904061486734,0.08248042313761766,0.001147542589049727,2.359219597521159,0.5277474794954119,0.0,void_in_cloud_or_compensated,True
47419.0,298,0.08894,9.38,261.72843398268043,2.0,256,0.0,0.0,0.0,0.0,0.10558353619763239,0.10626894340454707,0.0012189781946571618,3.0426663444054545,0.8908907593448541,0.0,void_in_cloud_or_compensated,True
47419.0,298,0.08894,9.38,261.72843398268043,2.5,256,0.0,0.0,0.0,0.0,0.13205701497461936,0.13291381416546177,0.001291141810943372,3.8034793109548457,1.4221483509632857,0.0,void_in_cloud_or_compensated,True
54888.0,299,0.0551,15.72,163.3165145098537,0.8,256,-0.10211826335087483,-0.14659857853030928,-0.3149485838005611,0.23844514821281523,24.067467518494432,24.094909280255887,80.73085159807665,40.580023910773924,45.778727042425764,-0.17359990496278177,void_in_void,False
54888.0,299,0.0551,15.72,163.3165145098537,1.0,256,-0.10211826335087483,-0.1029148841653598,-0.2718511974609813,0.18804638585920114,29.331930123277644,29.36343014432605,96.96508768122,32.15256545745405,48.93420724454515,-0.17359990496278177,void_in_void,True
54888.0,299,0.0551,15.72,163.3165145098537,1.25,256,-0.10211826335087483,-0.03700535426185164,-0.2507282921021391,0.31115171417152904,27.551306827014784,27.583536086362763,113.0627053725285,20.333965393114333,42.77139098313874,-0.17359990496278177,void_in_void,True
54888.0,299,0.0551,15.72,163.3165145098537,1.5507603954646239,256,-0.10211826335087483,-0.06793852669575215,-0.29174311298956773,0.3322825477217773,25.209930271078125,25.237007613815816,119.01854321127125,30.687278788246186,42.313023314230946,-0.17359990496278177,void_in_void,True
54888.0,299,0.0551,15.72,163.3165145098537,2.0,256,-0.10211826335087483,-0.18497891691913249,-0.3585578547971844,0.20285789442018679,47.43880296321078,47.458362371738914,119.87904963871206,53.01297686155024,51.8796739779187,-0.17359990496278177,void_in_void,False
54888.0,299,0.0551,15.72,163.3165145098537,2.5,254,-0.10211826335087483,-0.17359990496278177,-0.34628392374135886,0.1807127884623415,85.11909905692914,85.91084825272519,118.95558274318071,54.74640709917135,72.27501074113802,-0.17359990496278177,void_in_void,False
41924.0,302,0.0639,9.35,189.0484465055063,0.8,256,0.3240438857494953,0.4853349108838604,0.3981188640891473,1.127040759249481,-47.45118702320078,-47.45801343971108,36.439272111377484,38.44436786046025,18.777237260165762,0.10003504740591893,void_in_cloud_or_compensated,False
41924.0,302,0.0639,9.35,189.0484465055063,1.0,256,0.3240438857494953,0.47462454790903436,0.3251213700222214,1.295288419148638,-61.880919358894545,-61.89518111437951,62.0455073408251,35.48371426857409,23.99738321722536,0.10003504740591893,void_in_cloud_or_compensated,False
41924.0,302,0.0639,9.35,189.0484465055063,1.25,256,0.3240438857494953,0.3818184821469672,0.1736345642318614,1.1620780678119946,-74.6973964288641,-74.71911569926814,96.34255953654421,33.924401146597454,28.395154171015502,0.10003504740591893,void_in_cloud_or_compensated,True
41924.0,302,0.0639,9.35,189.0484465055063,1.5507603954646239,256,0.3240438857494953,0.22398193302117053,0.012168315155304445,0.8481397704567754,-77.8268241985396,-77.85227285302548,127.24718561420728,33.21014412053127,32.18466822379614,0.10003504740591893,void_in_cloud_or_compensated,True
41924.0,302,0.0639,9.35,189.0484465055063,2.0,254,0.3240438857494953,0.07634282351134404,0.0,0.5739316788032885,-64.73762395434424,-65.30844053567684,147.0572959216131,31.40759066222331,37.85236602749766,0.10003504740591893,void_in_cloud_or_compensated,True
41924.0,302,0.0639,9.35,189.0484465055063,2.5,229,0.3240438857494953,0.10003504740591893,0.0,0.5071690363804009,-55.06163376484418,-61.36379602218161,165.6869699260258,53.45102739231363,39.49813222621305,0.10003504740591893,void_in_cloud_or_compensated,False
46094.0,304,0.09164,5.75,269.51737022397606,0.8,166,0.0,0.0,0.0,0.0,0.015103031282527395,0.02511836177093678,0.020463455398507073,0.7278491574984322,0.04050384394379686,0.0,void_in_cloud_or_compensated,True
46094.0,304,0.09164,5.75,269.51737022397606,1.0,159,0.0,0.0,0.0,0.0,0.004901042645469382,0.035612185366483015,0.0422437023252237,0.920046997115259,0.060904675678253424,0.0,void_in_cloud_or_compensated,True
46094.0,304,0.09164,5.75,269.51737022397606,1.25,153,0.0,0.0,0.0,0.0,0.007539028272514504,0.04319445374062356,0.0606190566143062,1.1646043573249676,0.09635981471531467,0.0,void_in_cloud_or_compensated,True
46094.0,304,0.09164,5.75,269.51737022397606,1.5507603954646239,148,0.0,0.0,0.0,0.0,0.0017393600134610755,0.0660892283223943,0.09899861471502244,1.47080935569808,0.14356898897590692,0.0,void_in_cloud_or_compensated,True
46094.0,304,0.09164,5.75,269.51737022397606,2.0,143,0.0,0.0,0.0,0.0,-0.06945649948837448,0.08792570722195453,0.21881577915242878,1.9574594886985062,0.2440817526245659,0.0,void_in_cloud_or_compensated,True
46094.0,304,0.09164,5.75,269.51737022397606,2.5,140,0.0,0.0,0.0,0.0,-0.06784868902624451,0.10333742695152956,0.29088571816956005,2.5167526570351653,0.38666778061409585,0.0,void_in_cloud_or_compensated,True
34528.0,311,0.07294,11.57,215.37986704365878,0.8,256,0.0,0.0,0.0,0.0,0.056528233638232485,0.05256183820619881,0.019356729353752666,14.972148002687558,5.8748835712189145,0.046518467556865485,void_in_cloud_or_compensated,True
34528.0,311,0.07294,11.57,215.37986704365878,1.0,256,0.0,0.0,0.0,0.0,0.07250520304735909,0.06754674387824688,0.012209255942190963,18.71442078796709,9.512299655188734,0.046518467556865485,void_in_cloud_or_compensated,True
34528.0,311,0.07294,11.57,215.37986704365878,1.25,250,0.0,-0.00014060339511497188,0.0,0.0,-0.031531546916249174,-0.004909708954021312,0.23452560259737093,23.666366567216617,15.89754511654112,0.046518467556865485,void_in_cloud_or_compensated,True
34528.0,311,0.07294,11.57,215.37986704365878,1.5507603954646239,226,0.0,-0.03012169796419004,0.0,0.0,0.31786057355729147,1.2958320626522482,3.9204822413799776,31.759833225024977,26.282040031603184,0.046518467556865485,void_in_cloud_or_compensated,True
34528.0,311,0.07294,11.57,215.37986704365878,2.0,204,0.0,-0.038090493011252016,0.0,0.0,3.45230284248758,7.292985009823224,13.582326714221207,44.21419370544258,40.165614958407716,0.046518467556865485,void_in_cloud_or_compensated,False
34528.0,311,0.07294,11.57,215.37986704365878,2.5,189,0.0,0.046518467556865485,0.0,0.0,-2.293692704826956,4.601677533817135,22.8187767075128,46.83839634845901,44.97433978520044,0.046518467556865485,void_in_cloud_or_compensated,False
54960.0,312,0.06452,6.12,190.85767965861191,0.8,256,-0.3624877674764448,-0.2880137252816207,-0.342417794632376,-0.0878993036484874,22.051078941737945,22.050520355889773,9.26171947648665,15.073022612693451,5.145939280018443,-0.26816662762022403,void_in_void,True
54960.0,312,0.06452,6.12,190.85767965861191,1.0,256,-0.3624877674764448,-0.26051043216965575,-0.3501683410268962,-0.021845466678885574,25.797180178721472,25.795030204219067,14.601790617012316,16.35494912902646,6.640004560138891,-0.26816662762022403,void_in_void,True
54960.0,312,0.06452,6.12,190.85767965861191,1.25,256,-0.3624877674764448,-0.23525707083349212,-0.3473739792812741,0.024871693723269375,29.617483648858137,29.612481650248874,22.663685952553283,16.740404490045442,7.600543398981818,-0.26816662762022403,void_in_void,True
54960.0,312,0.06452,6.12,190.85767965861191,1.5507603954646239,256,-0.3624877674764448,-0.21994607200269117,-0.3449589836856605,0.012319400483837896,33.943603942037406,33.934436006506175,33.0307943622397,17.838786789980457,7.974741250940525,-0.26816662762022403,void_in_void,True
54960.0,312,0.06452,6.12,190.85767965861191,2.0,256,-0.3624877674764448,-0.21761107915428057,-0.30635952232045827,0.0,40.39478668415494,40.38144923580706,43.777596235316004,20.82748502128175,10.364523230423924,-0.26816662762022403,void_in_void,True
54960.0,312,0.06452,6.12,190.85767965861191,2.5,256,-0.3624877674764448,-0.26816662762022403,-0.322424978088148,0.0,52.056873117502505,52.04255568291774,46.576891480456645,23.705113119330395,16.20968269605504,-0.26816662762022403,void_in_void,True
46270.0,313,0.06738,5.81,199.19717954329073,0.8,256,-0.26568853006193377,-0.13375776071828047,-0.05010392633310962,0.0,10.340953127965886,10.332306668056361,12.022456595630509,25.96058546960219,7.321625517585597,-0.053619970397609365,void_in_void,True
46270.0,313,0.06738,5.81,199.19717954329073,1.0,256,-0.26568853006193377,-0.1261051389767694,-0.0176921426029781,0.0,11.845425889104746,11.835097242625375,16.419720084102842,30.13748112639329,10.294695464270973,-0.053619970397609365,void_in_void,True
46270.0,313,0.06738,5.81,199.19717954329073,1.25,256,-0.26568853006193377,-0.12039236417215068,-0.0038301177554833743,0.0,13.817971247456411,13.80591628368722,21.87611011514289,34.16001237381298,14.348055842565234,-0.053619970397609365,void_in_void,True
46270.0,313,0.06738,5.81,199.19717954329073,1.5507603954646239,256,-0.26568853006193377,-0.11937348312999049,-0.003033113379799111,0.0,16.33329354354912,16.319566501266205,27.734210783671877,37.85479944566537,19.984442141815922,-0.053619970397609365,void_in_void,False
46270.0,313,0.06738,5.81,199.19717954329073,2.0,256,-0.26568853006193377,-0.10740093914926432,0.0,0.0,20.171057640173366,20.155734111309645,33.28883526597915,41.114234934150915,30.480795369427188,-0.053619970397609365,void_in_void,False
46270.0,313,0.06738,5.81,199.19717954329073,2.5,256,-0.26568853006193377,-0.053619970397609365,0.0,0.001731394667709284,21.45653693265484,21.440932384780357,35.09176502439379,40.65120770759944,43.321280831453485,-0.053619970397609365,void_in_void,False
41783.0,318,0.07776,7.7,229.37685357406264,0.8,201,0.0,0.0,0.0,0.0,0.29768882635440824,-0.2835145668232263,0.3544788495397431,5.895943525402309,0.7489215474184706,0.0,void_in_cloud_or_compensated,True
41783.0,318,0.07776,7.7,229.37685357406264,1.0,187,0.0,0.0,0.0,0.0,0.5913947952127897,-0.2990696227310017,0.7277461713188672,7.521933426876075,1.1426243844418214,0.0,void_in_cloud_or_compensated,True
41783.0,318,0.07776,7.7,229.37685357406264,1.25,175,0.0,0.0,0.0,0.0,1.3008259652013894,-0.4505695126036702,1.600729518923601,9.870732706787654,1.7496964317975265,0.0,void_in_cloud_or_compensated,True
41783.0,318,0.07776,7.7,229.37685357406264,1.5507603954646239,166,0.0,0.0,0.0,0.0,2.3712367429481156,-0.46047277213063215,2.9873741107286813,12.842787062581605,2.6791135572613825,0.0,void_in_cloud_or_compensated,True
41783.0,318,0.07776,7.7,229.37685357406264,2.0,157,0.0,0.0,0.0,0.0,5.187280965218623,-0.6725094400374143,6.530954648621257,18.275783785788967,4.561025202496621,0.0,void_in_cloud_or_compensated,True
41783.0,318,0.07776,7.7,229.37685357406264,2.5,151,0.0,0.0,0.0,0.0,11.134950764818543,-0.9613501322461759,13.54106896602067,25.67513912663741,7.595868050234613,0.0,void_in_cloud_or_compensated,True
54619.0,321,0.05576,14.59,165.24980562241853,0.8,256,-0.3798149767575407,-0.10579866656073966,-0.2749270974770299,0.4121913649152108,29.46570655106489,29.49804493192636,74.02663371254319,33.52612835378015,15.657294468703768,-0.20501361812401686,void_in_void,True
54619.0,321,0.05576,14.59,165.24980562241853,1.0,256,-0.3798149767575407,-0.1187443904398666,-0.2556856846621168,0.3240931992179972,29.70835560417336,29.745644440429718,96.39893243115255,41.75293301552983,16.533520302086988,-0.20501361812401686,void_in_void,False
54619.0,321,0.05576,14.59,165.24980562241853,1.25,256,-0.3798149767575407,-0.19914487944025605,-0.311562726276997,0.11616439358281366,39.50694848088445,39.54308757119384,106.5300522568485,48.384691725577284,21.175162526786774,-0.20501361812401686,void_in_void,False
54619.0,321,0.05576,14.59,165.24980562241853,1.5507603954646239,256,-0.3798149767575407,-0.25861301407856113,-0.38564888064727376,0.007766976196815265,62.141263763371875,62.170474607961914,99.81498114278523,54.996700973175386,28.764613471719006,-0.20501361812401686,void_in_void,False
54619.0,321,0.05576,14.59,165.24980562241853,2.0,256,-0.3798149767575407,-0.22786796255838238,-0.38955099011746785,0.09434215137495382,93.8690736575447,93.88975472212174,80.92011403416329,65.0650631037356,40.17689017131318,-0.20501361812401686,void_in_void,False
54619.0,321,0.05576,14.59,165.24980562241853,2.5,256,-0.3798149767575407,-0.20501361812401686,-0.35319315186777817,0.10842259783948835,111.98489005648511,111.99704933165157,56.95481414465112,59.044956653288466,61.2583463211342,-0.20501361812401686,void_in_void,False
37899.0,325,0.0651,5.92,192.54974649664913,0.8,256,0.5814023124537776,0.7702137249452798,0.5659273192332415,1.6461869003024987,-47.70947861340385,-47.69437859368763,43.72566430878933,37.90298366703524,15.05753039272049,0.5450993620932818,void_in_cloud_or_compensated,False
37899.0,325,0.0651,5.92,192.54974649664913,1.0,256,0.5814023124537776,0.8195670815429115,0.6315170562937409,1.7506525166527152,-63.45099579213754,-63.434243342612845,63.71934821194137,43.10619919408586,20.973103884977284,0.5450993620932818,void_in_cloud_or_compensated,False
37899.0,325,0.0651,5.92,192.54974649664913,1.25,256,0.5814023124537776,0.8423213222033007,0.6992210494622293,1.7526585866706723,-83.67740944409621,-83.65992490153945,88.99944541541416,49.08902075839758,27.345619790904216,0.5450993620932818,void_in_cloud_or_compensated,False
37899.0,325,0.0651,5.92,192.54974649664913,1.5507603954646239,256,0.5814023124537776,0.8169511972977515,0.628032029187751,1.807270433306868,-106.38551906352326,-106.36813833103363,115.2438971685841,55.77863919089535,32.11628415722249,0.5450993620932818,void_in_cloud_or_compensated,False
37899.0,325,0.0651,5.92,192.54974649664913,2.0,256,0.5814023124537776,0.693967828887682,0.44903164792987676,1.6148332297176735,-131.93023191072854,-131.91223018076386,141.35037721434495,59.46441624980826,34.76017310974909,0.5450993620932818,void_in_cloud_or_compensated,False
37899.0,325,0.0651,5.92,192.54974649664913,2.5,256,0.5814023124537776,0.5450993620932818,0.1180469645471136,1.353097618433177,-147.70662697011593,-147.6835849058309,162.53635413734304,53.208254701348785,38.75725564082574,0.5450993620932818,void_in_cloud_or_compensated,False
54439.0,326,0.08116,7.33,239.23238807632262,0.8,256,0.0,0.0,0.0,0.0,0.03323620711180548,0.03233030444420722,0.003188854633483842,3.554437118368376,0.29406370973809837,0.0,void_in_cloud_or_compensated,True
54439.0,326,0.08116,7.33,239.23238807632262,1.0,256,0.0,0.0,0.0,0.0,0.040351851046274305,0.039219353427157586,0.00328528168370238,4.444370946705819,0.46233204371363085,0.0,void_in_cloud_or_compensated,True
54439.0,326,0.08116,7.33,239.23238807632262,1.25,256,0.0,0.0,0.0,0.0,0.051155085040179196,0.04973988688649747,0.002117156031241475,5.554702055825164,0.7225521283605244,0.0,void_in_cloud_or_compensated,True
54439.0,326,0.08116,7.33,239.23238807632262,1.5507603954646239,256,0.0,0.0,0.0,0.0,0.06349065075588507,0.06173533632262135,0.002324179247110118,6.890996566258739,1.1185466739622039,0.0,void_in_cloud_or_compensated,True
54439.0,326,0.08116,7.33,239.23238807632262,2.0,249,0.0,0.0,0.0,0.0,0.07718512092134339,0.13219095823787413,0.011069533684411098,8.982635215427958,1.8925367210923116,0.0,void_in_cloud_or_compensated,True
54439.0,326,0.08116,7.33,239.23238807632262,2.5,225,0.0,0.0,0.0,0.0,0.05135005137916521,0.3772808167662991,0.24182767940445302,11.488039082921912,2.9572093677293276,0.0,void_in_cloud_or_compensated,True
